x0,x1,x2,x3,x4,y
38.79362661725031,64.73573401134239,58.9701524166529,47.63952873185423,53.64415717137558,31.024533261360453
64.64624495795044,44.183758264807054,39.379041861567174,67.30121523489709,52.937793269982755,44.975921469959985
79.11590163419199,50.19611933654815,37.06465532138192,67.64242186499837,52.55929424213727,-61.482436076795764
44.951026561756606,47.445472130404895,36.3162639664013,53.97871799624846,58.15849806089989,-16.421349323889714
46.10322915399891,20.740291753899548,28.394112754194925,57.51113981568493,56.835668409594085,40.70221814271761
57.29218185359706,39.943617884271475,29.50449556259808,56.348868454242904,63.106798155362355,32.10420752780845
62.865840963913115,37.42966513946496,29.822907628976953,68.35287549233138,68.61992885078193,-36.0844343945799
55.04920323707876,51.625770656266084,52.134932852244674,55.93377904556655,49.02252409760154,29.183650810091432
63.46602475464275,63.65206561401467,44.264549789799496,64.35463187076368,45.78900024585616,28.83021691338593
55.043302794201836,55.32699772643595,74.84106624057192,43.264767191484594,63.14480106114912,54.66372105105427
55.2606313443171,64.80386102422786,67.064410125299,43.98050686470296,68.08209680499104,34.61434172576187
68.72004061334967,19.505447096789965,40.50373453385572,56.50145704505297,61.21106051777422,-36.98673767162791
82.35600455791152,60.309774183957686,35.780066236370224,67.76547751584361,38.37774461183436,6.691697794214646
71.5295175573205,54.671786133051455,35.069149827228294,66.1125632203176,52.274610958201265,-25.304488878762992
65.05844932301481,47.13123354670682,45.939972205281435,59.40939607442714,47.01338789907607,54.322105553478224
62.79355228470214,63.909405320663915,73.28693758650319,48.214092159153,44.5785912101644,-3.8421291980862766
68.2381854649037,76.04880015499346,45.245891587740864,56.5855835814729,45.55150132617543,-7.389902079278231
42.963075640529105,63.927561809384635,63.90275978711398,42.20332057389301,46.563131810804464,40.893600585648656
52.350065944845966,65.57083351061021,78.26007863746723,45.14762458480626,70.88280604507823,-65.275403491875
46.200362472474545,41.77044239107876,54.94504798549318,53.87655495536916,90.07761759859153,-1.6284355858141253
75.55493894129428,21.87545178817989,48.99926153773207,62.616268982205646,53.369527456766576,-26.468303747347857
37.13039538189264,67.03650379598697,70.15163043680798,46.28146146514076,50.599176078226904,149.44869753658975
27.080735022813304,64.00713032129163,82.18816455334431,52.54009114810584,83.74153118321071,64.9611396206143
57.1056808300422,39.763942394772386,33.561309693078314,43.15863621716402,90.87108316986519,-9.810587652380834
66.78145275992436,52.620141934415,47.66130235820278,44.032915093919875,57.499108652880786,21.809895913823432
75.59440047819764,61.710098130077085,52.4588214380958,49.69185252859402,46.51815708798704,9.323246331847301
59.981255666991544,59.909913487755965,29.28952292078046,44.249748361584466,66.45435823687231,81.47540815183052
70.09964339345983,63.49643804265831,48.26555317914964,52.794032095938924,50.69210037545125,32.3228401118621
66.65806440642935,38.62883412254295,44.73648785499629,66.61476580576638,57.65457036245783,73.19999972960932
61.93316568273184,62.797585454294605,80.15466502712674,42.73116739254602,37.872543899609134,-2.074311436415046
91.36031326238397,44.378384028685026,30.901840201645687,67.57848877644703,53.16136279933929,-62.52203903739493
48.314187114446334,66.39355643676384,44.2313161110198,40.16172638635714,46.601916423086024,77.64324767606139
48.43208972133311,40.56985380811831,51.581644093607835,53.719479392149964,87.94051405689291,-24.336280572870862
51.9522618769964,34.959677257038436,33.02672006534042,68.22271573169168,65.47412638181883,-57.293156474722025
70.11350320810234,53.476024320669154,37.80819614836016,65.2267322831798,41.63582930353314,34.175910168547496
75.16756288448833,67.25792800004575,50.691592096314196,62.88698425447308,48.51377067557926,13.578336618820558
43.70403559971749,69.17353804271465,47.25062154395803,49.684649955561525,32.617389635320826,61.59718285234115
64.2498881986189,68.30121007060694,34.888146947274635,64.325211122906,32.6782005132096,-101.79820748539906
60.56749157755315,64.84116705545034,75.87250117040898,46.62344115406718,63.98452804008576,-15.260470381594
64.6961391533652,67.94227160775651,47.47414059868118,47.02794784503896,41.309076443599466,-15.123391014305767
79.85739149539964,63.315247102935096,38.181557327834,51.040591465212756,45.81774090375845,-36.47348392409175
69.41801968998926,62.39822941407719,33.50476048709417,66.00064755023308,32.64328063777654,63.93148463122998
48.25086316349487,52.83459046533834,47.826278694611545,52.195883009375976,60.0658580263921,-7.6904774867019405
61.97244650282937,24.138850917220864,28.394731937679094,59.22187894773011,66.66346654253768,54.4267409175326
67.96245106633387,44.11331471759358,32.00075347676813,65.76321814816762,51.98965792125273,-49.4285215586171
65.0011386344074,67.89890578582042,52.183023696889265,48.3068363488642,60.70113507560175,32.23231728088848
52.021370052686365,14.013697066585763,41.07066881588522,53.2711099375165,75.51367199559634,-27.467602587998783
50.95453911269058,80.29393044640145,48.67709461301948,56.013905893987356,43.521051123851855,91.13739987818835
87.19647808077298,55.02617515159295,38.13260781165674,56.979922046578764,48.659694147952855,10.984403996994793
81.8061899115577,59.26952416770625,26.030209663689885,65.69611233127955,47.2470664721847,16.405596581829823
47.07193050367211,63.2407552994503,66.24763451656041,40.61926585514484,45.66392833061595,-50.004238431891075
42.868569641676174,63.19292286432083,43.96519438866596,46.15016795277181,37.1329853376914,61.52733630605387
82.00116688825943,53.069156037901195,41.42339564797858,62.39656205561789,47.41787382482592,6.248746835809708
48.66558791020664,51.98214802902425,39.16830303175498,53.06062306241703,61.985829410802964,-46.252414029507584
44.68275158883122,29.5632438291324,43.64797075364945,49.09266452912024,61.903345740348556,18.342057386582347
58.2573929464113,57.24097064263398,65.70961325624481,43.22533422449653,36.96614525386035,52.58338885806975
35.056699535257664,33.72154556236214,41.20252461437161,27.09986493935207,88.6951562547346,-12.051083963660858
74.23083884163277,37.82953956319319,39.45637874382557,60.05475443418563,58.07689707342779,21.11388241571803
73.9101281152867,42.73526626205636,39.49053337557964,53.674498578783975,53.80890743170461,-12.933368804665712
88.04233125579731,31.82946181814863,33.01241540099558,60.037093956832884,48.995441512890764,-57.418776384131526
61.5084424610226,41.01129375231568,54.17167782505922,62.501366467510444,87.51529123950489,-78.32704203513435
68.78497734790963,27.544120062620998,28.477577945007784,61.960077875038806,67.12990790627035,46.24115845956182
67.67716203130011,60.545356565933815,41.826881973807595,65.12785669910555,62.23295310704735,10.576164054383673
49.72146335368197,63.65111017198235,62.11140479523538,44.24132722883155,34.00387517035914,-29.14409438915194
81.03742067177772,57.60981408206708,34.52780408448045,58.46608864402343,50.77361331790597,61.98361822855888
67.04932316533969,36.874921184762215,38.61705439779464,67.89325434783564,47.51303966168787,22.53416016237049
87.48223673148225,59.27472748730938,39.3528550574246,62.44854237407196,48.755272367002945,-52.27566188719485
52.969130530694095,66.1742909656296,78.70518935735811,47.63000456779311,66.91695204043222,-42.12684865830889
55.24778863888086,58.08936587013336,42.19773007412433,47.26667530085824,58.334100947515836,24.449228798499988
63.490570775854536,46.59405333891625,32.41332639012328,63.71474383984172,52.61264812802116,89.10755123536947
58.43345305675864,38.27251176327861,46.64156755238589,58.400776915200545,88.99742170472705,-68.9758010035894
63.9754103144125,42.53463103577897,38.099713615497905,54.34946315711794,88.66917731928139,-36.817254023730285
65.65403891683323,34.716381780318244,30.7880463741154,66.2029511007735,40.730046975109836,-40.46033683603626
45.82291888944657,64.88157514657159,87.20387001023127,46.18117887554471,51.31173683250866,101.84130949361723
46.9502650386535,69.18330944088667,51.653522628488005,42.03531091263973,42.82047014909976,24.553348909364985
49.56960742964602,35.52171484287895,20.682407808685586,14.677921896107925,89.76490101750073,49.09428404716591
46.42311510316111,62.181857963583525,51.12073536779363,44.467615101609674,78.65955891004893,20.1015798820346
59.94025960578121,38.77701534557988,33.57422678310748,68.16204789561877,50.05335745495006,-18.265813393695705
26.58617888726547,57.74618332548335,72.01177286844053,50.55746404993307,59.69940048733281,36.22269381981957
86.4585231001422,31.392969051777328,25.629275426924174,58.48033729713275,55.62712342534543,15.94154155811728
44.98560023234107,34.66796342365908,31.01336342831086,60.66544084667417,58.98503722001803,78.16941786966024
42.41254651801514,63.86485707554933,52.47713021213909,47.212086668247494,30.67337637690671,-143.44814979999393
43.53763401168882,38.94669630991355,30.177608484220357,63.39723331122098,53.987983967401014,28.362996369619236
47.292730512204216,55.11101242801845,49.26829612867575,36.43140182616029,34.094441267546244,-8.792400143606951
51.83834262481297,44.21816353101659,39.84989808602677,63.18140281109405,52.56097759028228,16.185970373438906
66.18086165341126,47.38814945480301,24.094196929422626,33.60515353948441,90.41820045246055,19.13949000481232
49.29688560690639,38.192875278147895,49.39481690653302,55.60634442772947,91.96834632636741,-55.47130617253569
53.016286138134994,58.167029457208706,36.6478958106206,46.30521859177037,31.867458204167125,-79.10613377503316
60.47436644645681,45.0799086733426,35.64072024946552,53.78284312128242,90.67516183425951,-19.796521706214225
41.80859948863234,16.67914852930754,43.64977773367748,53.556119619890566,78.6842079129172,-17.144015800986786
58.78625352218524,41.37340509072394,34.436073121048025,60.40864071221839,69.21477875514002,21.12564635637365
63.581653264060364,42.522389763479694,37.930624977990234,59.689155332496,56.31621788638342,-38.7828365931159
67.00321406816542,47.61645945670298,42.521293501999565,70.24478817062204,91.08844348185632,-19.136153136110337
74.58337360347237,65.01538035867836,31.43771311582982,66.65493204672507,38.05997577759241,48.46368628258019
51.56725499391512,15.477666117068871,36.740904874635234,58.07722994325594,58.58844608860729,48.63937373068882
77.88398815966478,47.89011649320069,42.164729290814364,53.8061852735443,63.42300044594657,48.811995790741236
72.98358044961317,51.599847723401105,34.54842100313022,65.13485814632133,45.590971900461774,29.106055723796786
64.8683464195267,65.37557557674003,50.74485158719276,55.073820128902014,53.2013303707587,68.74958463191774
64.31520459505427,65.02113119735533,43.02453401521155,45.034032074111686,49.70224665505967,18.265860707943837
52.88213368032323,36.70006968533352,45.04052561278139,53.33415791352503,89.04171522563318,-50.028636400814584
65.82340373543741,58.93456466816387,39.44278760569473,61.19038925817379,35.37300539372036,1.8831642278891616
76.53618351758162,43.3349685794565,39.98357185060254,63.690970669073586,70.39775843421037,-101.09017018094748
53.61015036175254,40.34239350846451,55.91331183439472,69.86703249878202,90.10114982587181,-25.525344939889415
72.31564682478135,32.53843582249331,30.276450784815346,58.749560535409366,59.819148525846074,20.549654751520308
83.34948577570896,51.02301846943815,43.28204656305948,63.886243438656344,49.17560348765423,-45.07215025032932
72.18253360171676,49.60904346294661,48.79588126618617,66.91122731624105,87.99442198960837,-78.76318907322639
52.8746101636117,33.513949648644626,40.273231398829054,44.43060532723431,88.72993598216779,-17.71492535274499
82.90684840932819,47.42841507687324,44.328129795262996,58.37231854320725,60.191846192478536,57.50622972881855
55.01891678250972,33.05616394719373,30.574170266179916,36.554954058824194,91.04652024291362,31.195449437856254
50.223103009623465,42.77489375053545,37.54204445458583,44.77601087545918,89.72146036604562,-75.99824590085308
42.59447330570881,33.27053108674958,40.89878095828712,53.64192489277252,85.61624025925225,-53.38310340643025
52.27761881258741,62.20989648133794,52.94567239314029,44.6517083067717,47.875413013149355,50.03509156802793
58.239283358698366,42.86555427168622,42.037319946981924,49.66364684381816,88.72571389229523,37.25731217456275
40.36367721043281,69.63093445636025,42.415764750024266,61.2189758730297,60.24395997767285,11.630941141350606
59.470740486262,28.66749326534407,30.567589578425643,62.841287550609664,55.49172435298059,-14.931113791674742
56.76720313752033,65.63787081604731,47.6245976547431,49.73132265195325,81.52689431582317,-106.21586888394906
59.422377479666444,70.37719976434155,40.856605611895326,67.51198613295035,44.59928230210412,23.494801398788667
58.36137755365083,24.293947804671436,26.695698023934888,62.44414106637449,69.7279487131407,-98.56592296985548
48.75564041136633,66.75025114739789,42.680932667375586,40.86044090700216,48.854344501646096,129.8146384932722
57.25441118978794,31.1762240534095,32.847448511106016,54.721208959925995,63.54109942237709,-11.527663843123907
72.22870046527483,39.108862221216775,37.688711901237255,66.56270018342592,52.18845637320701,-67.55072199065876
63.34562766811186,46.04055725861896,46.73677448498049,62.923074178349076,55.64542360486718,3.5208018357806825
43.19262799371454,62.535589750329386,61.119224747447646,46.699295521901725,34.32330697266267,0.4983286770612354
50.52748826225658,43.69334257215044,41.14426439932714,35.8051543900001,91.40032842426633,25.410952349664075
66.09413037740856,27.16224687563196,41.48071093160979,63.76095232035117,49.73274678047422,-44.72145734821194
69.01554288890897,55.77383913532397,35.656321034909354,57.839199121213376,53.55198241021877,54.22472574410146
53.826287733206684,40.94068975761499,32.80712826905817,47.834834083842935,55.34659389960933,11.231606628035259
49.7422784193387,38.96062809961077,23.090084845208377,69.96953837393413,50.957591050928215,39.54480366371884
69.52080740834728,45.04146852043413,34.16646727776772,57.81991320504448,90.82130172021684,31.208423854728316
43.88205126019159,35.32619109802166,32.308020359299405,63.26980352582281,68.0750475204741,-44.64776328294363
56.71621189359214,39.735101116320266,28.347870671636297,42.934968673122896,91.46091595271801,12.183520559315305
61.03639839967122,66.04029484247276,77.07595038558662,43.83304425621167,50.626043950814896,15.700136652573153
83.08955209501087,60.83801685834074,31.206931249175383,58.70177255511616,54.69937914445202,-67.74229793361454
39.94999288197924,39.04844281964623,45.25385006634795,44.401539276449284,88.68993213856564,-41.26938155174697
56.1100677825489,48.459657341296875,29.247962057186946,66.18972444079624,43.51009011039011,87.51498687940105
50.67842727256025,51.351611949640905,37.64440286623298,66.16562661346236,45.40821574805749,6.337270137677832
42.34310909447139,60.824439375677315,46.28541012899072,53.602125160105984,68.08108607298969,22.131234671854646
47.9168318737556,23.41842749078762,37.74767629150217,58.7871176296571,59.287900719601396,-131.88547830435164
83.93334207632948,35.70695853899002,25.280465775449127,56.084943136649635,52.08459745442089,-55.629052374641574
51.83409984777343,55.82618839892686,79.44305529505759,41.320420316879805,39.98587655465949,-21.787482955549393
74.4370369188368,39.99586484514137,37.533844294190544,60.79620985334343,53.28833446513264,-10.480810085101641
59.88149503338017,69.64797239063758,68.33696370092466,51.1306400812835,45.18558410692796,-3.733464441001905
59.83820432237859,36.19732264415046,47.62623915792439,60.45947869321423,90.95057548108893,72.12640004680289
55.33083253368884,69.40066295323763,40.840207484031275,59.395418250425244,43.68707629198023,2.8332588428695686
51.09001925937184,50.79409515274714,48.69810205923975,51.392325517091585,92.19230570623877,37.15401157082941
68.66630888804512,42.724255130972644,24.834903400989937,58.88298381921002,71.63367198138414,-33.07819491478427
64.84073211390654,65.94390921130808,67.29351914384654,43.88408293228596,44.389578764703444,-46.06733222019702
53.934641591966965,68.32710446691345,57.20652666301583,42.395173297044025,63.63864213962027,-35.44177551164836
35.45868317550423,62.97979948666198,53.73438532007297,49.468866648444894,72.50306992275407,40.49932837866604
60.97025848262849,58.631604254562895,46.07633459725755,44.56212390043801,24.595147808028372,33.64133086128029
65.76770192146587,65.83640401932979,61.469345478576656,47.01911666454479,46.56495747645965,87.36593680867138
35.79005608711981,67.27641143929075,30.629283308102007,47.99594196675089,23.768163340448062,70.22694303995394
49.72427146391158,19.40724257068383,33.171954720188566,61.93219008361854,69.40829376281536,-48.36854919734496
62.60337922752288,63.07788425141248,83.64496551115646,34.756282848692265,43.111337015758,77.91131033160467
75.86136649747905,31.322356238045597,25.40852499293338,64.02537246558882,59.98680299483732,-43.87779633956173
56.79600450502839,42.14079867494775,41.6010689039328,57.48846059106703,87.63231054415654,19.193577077147857
73.33143398490418,47.99561216335099,56.02761725384769,54.59619222950675,57.029426892683894,-78.96077531436275
59.95497688794397,33.78038826280785,37.13959913956981,52.80563558445005,54.36040613971368,30.727921440125698
43.08060401162862,56.74015298781451,70.8768511632971,44.5990498651378,60.372350143009314,-89.42260498363791
68.47995331242782,31.42858827559761,31.888013839295482,61.41400773169797,30.393234183605358,-95.97056045751198
34.60773489474999,74.58682262355838,75.39721522130776,50.47825283512179,66.47627028894978,41.79907669615843
74.2808559723265,57.12921329848926,24.645987369648132,66.313480166529,29.50216543305884,-85.08571065523243
44.71050834297196,56.092729566806405,67.00560188476238,42.971417626203035,55.4549785670184,-9.91976294781713
38.80542150312629,58.533876392351836,80.98585457587644,48.682083937401,68.34248970248143,7.392615087527707
65.65986293196546,38.98350519916482,44.77562405734596,61.26353710648088,88.85808229195564,55.849520026746944
66.80279905859102,53.142636378450874,47.20471132545285,55.459452734756674,38.83969431138227,48.201635144230224
65.62832838827825,46.23452941435683,30.86471370582752,65.42537510858503,48.5622990316274,-74.81159256956835
76.45449000243212,45.62611895063416,20.475089863007707,70.50216316474992,45.601922302266246,7.416374112555431
55.30436201804145,56.07694826194469,28.277306844532067,59.889658786935186,49.76444617096573,-14.812851351249833
69.83295296531512,45.02767154405885,49.580377233672564,48.34686535655028,58.37394197969188,-4.768496855346422
43.69922627834255,44.62864101272565,37.061639683989235,25.169802529193316,92.592735659801,94.58221911076654
50.48716338690466,31.76329481422371,31.951020457728966,45.825878134857774,87.57571757711693,-77.40395504547001
55.239624533659956,57.98524541742694,66.01835411136527,50.638587254114725,64.67023828748393,-3.937837238761432
53.677126729163696,58.77618259549247,87.8214071246478,37.454566224005895,46.31150291520093,1.017794923956152
72.0007823874065,29.472063914473864,33.06951380708721,63.889901637264884,46.46682345352645,-37.32776111322734
51.285099705532275,51.11407593401272,49.6904380111701,55.06491351003493,60.115686270621,42.361661445793374
65.79865659320912,63.830983847209765,72.24818652946739,51.85919320949341,31.46439769322657,3.2672774191748193
82.94113645412124,53.44979223894578,41.00589202272875,59.21176513871734,36.83012655574656,-55.3277011669642
61.64631547826227,65.94463689970338,71.59531764738425,50.133186714703214,22.804293958096256,1.4803342861556321
49.30438873653895,49.254867328453535,32.130206626460264,37.47700831293295,89.96614084644925,67.28716765151624
67.74481321232825,34.03733835419513,25.657872198581373,66.65466610194723,55.772385282993675,115.82786342448162
40.952426384635785,62.961676144848376,47.77905497474942,45.51462040303007,40.42527870627354,-16.478450752254346
68.10744109651765,56.90519913708639,44.9551512737885,58.33992420945044,62.65135289933871,48.53520081934813
45.72956330415418,35.77661911583857,47.196477154671506,54.7935992186794,89.95358969629329,-30.87901243584314
76.45173370781231,23.41371615413608,30.07027878705722,58.12205370167693,67.59822879203337,-71.80071447938536
80.52976740954182,50.552044906104044,34.91481283979809,62.33787895386613,39.50671032283656,-0.25837142131696655
59.21614479257388,62.76947358960868,75.91407448735565,45.398776566807285,56.10651107989729,25.941468813494758
58.999006157885724,50.440103211203514,37.63249437139297,70.854116611139,52.33916766172801,60.31034016330603
77.72167358083294,31.762469423117302,29.437834141907608,59.83289545388806,59.79629467078881,-77.95734899589866
61.70164373936075,56.24023031238487,30.58132999829543,67.143699584946,41.769060287561686,22.869592016299293
68.3896886739903,59.79815281192421,44.03370468838355,60.11349328325521,36.82111782548853,-27.05784051256282
86.05627707790826,39.848550183087994,31.712616304202438,62.275352991761686,45.087984858763505,67.39096452856595
59.504854329635506,65.59157759984647,42.21071659030788,44.86328669584297,34.64797443949937,152.19022561204878
81.45349501092,50.503440885238675,36.292552414499205,61.25774206412052,51.657665593847696,-82.32026576955141
80.97893369967075,36.25707100436708,36.88462488164074,62.32942507102468,57.48979976699047,-7.8992676893606255
74.66309314370568,62.22218217762893,37.34359253827711,65.76018832616346,44.82117424488879,-81.84987613545992
64.10853913022265,47.394535569318116,42.52318987615979,53.96905879512519,39.71705907041027,48.85760700535842
86.1494981442188,32.02248546273086,41.82502280147396,65.9019547255347,48.02049183662091,-90.44987130713251
60.89850397317059,46.15058046087626,45.41587328973704,58.99260514860853,92.18270054704638,-31.445743683186553
90.40195144100213,53.94088823056842,35.29890533818533,64.42042642247691,38.92505816942534,-39.99223416773735
58.0651680428053,53.193796394659834,61.223939116530914,42.82626790072079,37.56112132332699,-3.31871479145774
80.2882917641237,66.06798568286302,37.18081698667162,67.89947124131463,44.62951430050708,-60.89401121012415
50.02077647551215,43.09841581341316,27.70892405964575,30.746757857745873,88.58620759808653,-41.912316000552316
64.92990759058026,50.853852380815816,43.9539899973455,57.60071067715943,41.066415695392465,-58.64187880304865
49.68893168850637,34.585350027649184,38.86273464084697,64.96483000797193,55.199097034036896,28.715649827761546
47.17751180084753,61.343300658563074,43.08976557336653,57.61064302606688,43.04249138493654,41.05366011661201
46.3962419826709,61.50522863539371,76.57664005969144,43.39048943164217,40.55619676205649,43.93819873574976
38.4172939380315,69.83770833709251,59.291948156021974,43.55218213423791,59.84587105422868,81.16686081774361
84.52318387757056,35.22770377956312,44.16353989408792,56.77053664154539,48.48610522220282,-19.82555233145444
76.87196971004663,60.419206603614384,33.84249882886084,55.633639150167056,40.568284839483056,-88.48073947349835
74.81793778091122,66.57343745145747,45.66982147211329,46.43008321571348,54.64719648139672,-48.3796586962774
32.13949755845855,45.80310074376726,37.638140043699224,52.975571733650284,50.530658924912984,30.248884855975703
43.007396321394474,64.72796936850234,68.16307486845757,43.288612224795585,43.40107383685155,-44.51753009592202
65.01111196999346,35.77755153751842,29.946057533103946,61.762031754333954,62.71867322144295,-27.747146389177438
63.738215959368176,56.91138232057512,40.359111978378486,56.76318080309357,46.113131867697476,16.818504309710413
76.60910073086981,51.31881704822972,30.281458733042037,62.19474594421197,46.12791452057756,14.254194940030878
45.079374402631345,46.54600783648598,31.7507377367767,59.644981120096,73.51772380597811,82.13295337840094
86.0822199028238,34.42398105356346,30.05363509567128,66.41207909038607,52.29548415401368,46.04708171262534
66.55895170860899,38.28032644927315,39.7849930804701,73.46365110038452,55.292291059442505,-56.07082810274561
57.495688205673424,35.44736744543673,34.75435872283633,35.381064113647575,88.9320894038507,-54.26993172943029
65.55925544555784,50.62173287150611,35.0390178444251,62.090793342585094,68.83325449339694,105.7673186057406
74.03897081349312,61.43366458536342,37.56121648085143,58.129584385333246,39.39065257296321,27.039057445832313
48.70344483463117,67.64732551303537,35.406698644634325,48.57003881787307,31.525703285837693,54.65760215902753
54.10218604593416,64.16641073079559,41.46096102546405,42.36634744094894,45.787305330208405,44.15444584361017
47.1262930522954,61.789156414517976,46.04370907172536,42.944368672900225,30.51341107014518,37.35577015424895
63.91349701582725,66.5748763866117,57.629816458387054,44.37458455976938,47.793807001926545,92.32363609420743
90.18960541394333,48.572123095657815,34.91164723133578,64.61119236342904,50.14825495689524,-60.31397314346274
63.831772059289,46.233592893359486,18.0568404968454,37.64021615800817,91.78245119242324,-44.75110220562296
41.61330960820273,58.99828417370885,87.81983543422163,49.11118679630268,54.60049761685028,-36.57489868656103
69.54355838096382,48.305029150684405,38.4220402718276,66.47858327423273,57.73450567110247,105.13915622093148
54.14312486873166,18.58058905712982,52.56674454874633,51.16111260095474,64.83625751358744,-92.01603857566455
64.06666445864639,73.20986021814119,57.3954252489244,48.67612339641508,58.40489348910679,-82.84181170588332
50.19932951569773,62.23905980989337,31.176746630965617,45.01193377074672,18.100285349350465,-0.7644219401749659
38.974120631638314,69.8722227740839,57.83914743737752,45.1663269601175,40.93612697817733,-1.765350069858302
61.12865342537134,70.64498217506595,68.10828024498358,43.90400036407498,40.230537795305345,-35.35012478092893
56.053987020532205,62.71806671123368,81.09666839578507,45.930042041911406,60.419376592061504,-24.917192543549188
57.67125654368277,72.89408158866694,40.35415286100632,59.18608182879187,53.59046604183406,-119.21277853544801
65.27972380021717,60.391027331176794,37.482736689591604,64.04670379716217,37.64529653588859,0.3490442833716694
51.162183029904526,49.22445793776975,36.214021369494965,56.14227829638077,58.43960880041995,54.83775984007489
54.47674386114011,65.75737719001302,46.83311141024631,47.405895294114316,50.86972871272347,-34.16675589010555
53.56212781603742,56.273065389459425,41.48174688722932,41.507030588913125,46.60060624559412,15.372035379470862
81.84023735423554,37.84176074067625,23.19680648501137,61.89548894273107,45.5687598388479,0.15757978481894241
45.600590079492584,61.503927483332696,47.503315460014996,51.1340654240351,41.52794542838891,6.795527175517904
42.90715887104149,63.63277296099148,38.45047048722522,40.30825685667459,31.818837331223865,7.406707150795999
45.95833286729237,41.667949644370516,37.70653573221596,38.14003018754758,88.9034470315032,3.980371431289642
43.618085633294186,57.47950965046666,73.49503718157663,44.65507054585963,47.301604504034245,52.89833501693518
56.9440001176821,73.16977363258533,40.83847338782025,61.46712684993642,40.617881871812116,10.16164961808328
32.509932564304755,62.258939831593906,58.42607093975545,54.2859661520336,63.50763793930105,51.86062107021385
62.88018114150861,36.55792136326402,30.588341083447794,68.023526266754,45.28620116459768,21.488713077319524
48.824766029111935,57.21079410190899,44.0692888536829,38.3717807944335,45.7693692282557,24.08687971941847
78.87987759501287,43.48043843973106,32.318336591101186,60.28668746235068,64.42489531944832,35.69653996524686
45.3420378780262,59.65103439286591,81.95272601723846,48.49104675865505,47.787981596617826,42.94888217525889
70.9849187478338,66.48227340957158,38.711335994610224,59.452150133312415,52.76161760495477,-16.221642118455296
49.0658929257446,69.91649425757288,79.91818287783536,38.02943094324672,47.15490977197248,-21.420212002919122
59.43409389618776,27.264751781543715,30.084469742558227,70.82269618146073,51.83939593859456,-97.03425293329809
62.925927714712145,35.61186074633194,30.036490916218142,67.94606944488258,50.73344562484099,-6.082395418843298
77.90972956583491,38.2339400815681,31.6197360456923,62.763506110709464,50.426902438702946,-80.27004209736678
84.31902294975916,41.0579027687951,36.15605845417827,68.48958700777924,45.77785392311731,42.500248681196126
79.55579044782421,55.03219324670597,29.06693275928568,70.56184205554072,37.27404161458829,-86.94175805623323
58.94179332266296,42.42752253030169,28.102404160129797,34.25928296981499,88.68891805707568,65.29451045756167
64.59409269955773,70.93187936216702,47.81100444442749,42.33546710027822,50.85588991546065,-41.78026017616932
68.80505867609958,31.718356570350853,32.68344711300842,65.26087101498946,62.99294257022381,-27.563285584014093
87.87983254247825,54.37307206735587,40.02151828557219,56.20828318959396,36.609462399857215,6.2472708851171
49.71257905594718,62.279201974431885,79.77761248609119,44.10566549622686,51.46887287419136,-41.710383448651
35.35906449367424,64.81801252141953,57.86923295397801,48.064778405487765,67.36012173267002,-58.44912442245057
61.123038922467394,42.64566308879883,44.878457352030004,64.41152601187328,86.68341107094213,-28.11703203874913
58.047072516525645,69.99128388075361,39.62690154129322,60.5724531709302,60.04341480400841,-14.884577189463238
78.02872881169426,31.25181608439917,38.58959744920472,61.229627169214204,50.44870492651477,-2.3416076227781204
48.437701214808804,42.47544471993385,43.706573832237055,48.28784970919673,91.10250166665374,39.759095159610425
66.25474212536655,57.33544303532943,40.81202033505933,55.153489372084294,45.81567229749013,27.806577751322735
51.45239586981412,59.216189000429516,33.107240908228846,65.55245937572184,60.859959696309495,-88.92634970531876
73.19083726767789,39.0958981988524,31.957967021121043,53.22218642369671,43.440631456631365,-50.41094758120793
55.560872882472346,20.0425845893366,28.282645062311154,66.51800964038655,56.386450345211614,-15.991181479924874
67.77050029113904,25.768075669038293,35.00783567759672,64.31132932284629,68.86925733410267,-12.632791896871254
50.02069395823162,48.74889943878178,29.53195409962163,60.68083423654276,56.485323328601424,85.97987237860804
69.6505391583907,61.33875000134512,39.04506619782163,65.5066932083494,62.90588954690184,-12.409992195529203
78.59378287528247,52.14204880901593,28.550642625446883,62.353891163642096,67.04786985064437,0.4275495898742854
54.8399263830308,46.975893523208505,38.91109253348253,60.2133385907949,58.27344797489127,-32.408178894099834
54.64256776299139,68.4555163848046,41.875933591641356,66.20239216564089,57.510426336118115,-93.81716467794841
57.39514834684734,62.508322497396136,48.61542411078629,40.718721970327,28.03881449273923,60.33885032958997
65.34424836330115,50.04582985064654,32.85397333990876,46.107477759474435,89.46094439797078,-36.047843804521435
56.36525846320619,61.69835384775736,34.26792824948745,61.41919840405605,62.86399039114818,-62.958287143944915
52.78310045372189,63.64722142083375,40.23746232189023,43.82115112425996,27.50164224079996,31.975388411006318
65.60229879756534,49.95296421452672,29.754331514055114,63.54988746157735,63.17708105866751,63.057083150705246
49.53452887934688,54.49583520838063,73.29905922221204,39.241449066196736,57.68077919799076,-45.26713990294789
49.87024475713139,58.864269893695116,70.56242192948258,41.49156639176795,75.43842854782149,43.6564386833507
63.808995829487415,48.802928276955804,49.00237671027088,56.170173070937594,52.52768042283325,17.677721337287693
46.89142461981358,62.20246925037361,59.151732230491334,42.47145986176854,69.23479123786609,-11.635885425960645
73.89012357234449,34.84034801422052,45.72995901469064,58.20331932755743,57.398664724722394,60.32019539410366
49.56079075962571,66.18012385561241,63.637628274833176,44.536507807739405,31.66084951157197,7.703176278071999
56.6002153169064,65.7417460598392,34.83564745305377,62.85319335446042,58.25816306072255,105.1677092433637
58.20939361891224,78.48936278348575,47.55506968526184,64.42800286884244,29.208652899413917,39.803537657766
63.48404085730931,43.88473927260642,39.596369714281906,55.886775838808134,60.89589395005367,-46.98048905599743
37.65292718763043,60.31703175594547,51.355816401072516,44.351483224433466,55.42306528258753,44.08609526842641
41.332582423684144,61.665017847039316,66.40745836330647,44.32406567426649,51.51088212685889,-13.268560622546506
59.76970253097324,39.65672972141488,35.551441447968784,52.01699191539031,90.52872082801879,-28.03653802237052
29.076951083276455,64.37572552498912,64.15599482775,49.80331826694923,44.14096849100373,-41.9061393886227
64.08596872706765,64.02632606128098,39.832453537220395,42.50834518669595,37.233743516781516,18.610412365848216
80.91929355432192,46.08281494951738,24.10954767043414,69.66549130580219,70.73618802813823,-53.027683209294864
56.77950102024386,70.74209979523636,73.33126087122577,51.50460931984419,58.09451056296237,-7.218292538128494
62.33925527004975,58.91225479846427,40.98488298611642,56.349568332218674,40.48704402206221,45.70501391541561
43.238544371229565,32.28410706117968,43.689123801123756,53.1060676448729,75.15730924809547,17.039511548740645
45.58745118428237,29.993667697717566,39.18171716435994,53.73452334363006,71.57803243779703,-56.797982148748105
70.11026696347936,35.186363488474875,40.458209678207595,57.209102957036535,57.069806029508385,70.20865841632073
65.83867089527486,63.77727749136859,43.17710209956879,65.04207909974888,53.36306611035856,81.78185681512548
51.911122957181945,27.2625769819112,33.417560254264465,59.71390488014947,64.27392696973992,14.878284394243277
51.812817537623275,63.11472567485329,81.02598552229178,41.18609537518999,41.626633121298525,-15.078460583640686
68.41718994944895,43.178442754542466,42.80200593269748,63.75863009777488,90.74001511999676,80.50069526581693
57.344178895442624,48.338647178081125,23.158551387767645,62.570043617974065,45.87443420264718,-7.146865166784636
53.486282592146566,38.56563402320571,60.03251192157325,78.34313759001259,86.66489502082634,-74.48351869916449
44.624491740615284,33.876662546808554,50.06299442467684,55.721656253391814,89.79636403358215,-15.469220185946376
55.601925636012126,52.90036599349085,37.53712528979624,61.59897047494654,87.73611432731768,-70.67346012258753
84.09638792303963,61.575343604844136,45.503884256366646,60.13361860617909,50.991629101974425,52.22802875799593
79.72675154714742,32.26891125103014,32.12366675937996,63.730334104859324,61.298821603388866,-33.87456598267728
76.27011418270855,34.03850819162196,28.678188542574727,61.87087214173443,57.69429478895617,-33.31918225641032
66.40810103452407,69.38215111628679,42.82223578832585,44.20137012134335,44.58591305664408,4.575174411838608
70.18377973256688,20.399058901462226,26.42988648933052,61.95822657614017,70.67193536910504,-41.79645726387672
56.486418828163146,20.385375300000764,37.79534260690713,59.39737168942232,71.6163772794094,-27.926844066530027
53.16871154340248,48.28260147496005,44.850517076664815,47.887875430591215,92.27247010846524,11.67460934036095
69.78101770495968,62.38125379799542,78.46370614373942,45.234621430387826,31.762603631564506,-11.820756795753116
57.987035292533136,66.06025049810924,79.88097553183428,43.97359524772285,48.20190407048595,-42.57447193119031
66.66416889188933,52.026511584646386,26.641271593028712,59.94974272378625,45.828315809898385,-54.09005483677271
76.02584906639241,66.33456933259552,36.67510034243257,64.86182979092908,50.806278393226926,-11.333513554581305
53.15504781974808,66.75276743428844,41.687160148757336,53.63550442598154,61.19434238522716,67.01113814025929
49.79189238191327,39.0104515857367,34.02066160731121,35.466091434917644,91.41263992350875,-70.32140279329244
52.50062424718634,64.09362079843106,56.72880681906846,41.99113923241796,28.60844395606333,83.28839350035346
47.66128050900586,66.0320188641044,54.81381275879269,46.57157062379319,52.76033560523902,53.460652977566625
50.21910492388387,62.0205521009982,55.10872754000885,51.81060178203413,51.74280890683937,-1.1577571140442986
49.07708235624658,28.896095651325872,25.67322041290324,59.35283901401688,58.38431174141687,-33.65010581366464
87.90894235991881,52.558688243879786,39.26075123587975,63.91893687801805,53.94846529812562,-77.28306062517787
61.1160167838676,62.25222496374553,33.2308419316773,70.36631561605185,50.702145771496745,75.76850110445457
58.030435837960354,25.392975024918528,42.32753120059757,56.017640071327826,57.640741015291134,14.811840614024199
58.96744333904317,69.65220493090759,42.419478013853606,45.846728495896905,48.05129434218471,39.52579285933456
62.41223447718341,39.13218806331673,23.24752925814901,41.05765678686538,88.9201106941906,-40.95280890865368
49.387225377857504,61.912212130573245,58.379554407422276,43.61445170541313,46.64586232293841,133.1962066993609
79.59820444244691,46.996767010488696,38.537274393522424,62.08145316067359,64.0533677398293,12.713833744780818
79.6200196776277,67.28931621314815,43.27590286803384,63.716730488099174,50.315116364342494,12.993189087052299
77.18338376704254,30.796663676334123,34.17525189557094,58.16016868764224,49.87952478098079,-24.639961509165634
43.46484696592528,60.19461240306099,86.96435955213641,48.88523386134024,50.30818416355294,32.83886661474542
52.60079816427955,65.92276717765678,57.58888376313425,49.921109457142094,39.02392261963423,-8.516805371828296
38.26602189399959,59.40065299556965,49.21461341289013,40.24894897547604,33.87773171831537,62.713289104573896
49.19022757199029,25.831805223191736,27.639906116449122,51.40313286654205,52.091981780450816,10.952152786367126
57.48285226168828,62.228045782907074,53.565370071613856,37.852989219654,44.3360909706218,14.160486458406538
43.122495898850616,40.03944229673194,30.550371198099743,24.768727239737746,89.29169429352218,18.608074573148386
63.93847411414233,44.74233978489723,45.43932102730879,55.60668477470062,46.20811046551379,-33.35297820537869
66.53397955458959,49.05693340228179,30.14683548203048,72.59661874352523,60.24943761993573,-41.485325819724274
41.633559507795354,64.81802896480771,56.023928702822865,45.980689116167824,48.61784574527427,34.93499494839636
43.14788814337015,62.400099522436555,64.87077505522659,49.8372644026383,37.327636699240216,-42.330427369843555
30.428270692371168,65.6616947423902,46.934562551447534,44.39188295436817,42.746332049879285,-42.87934842239352
55.78620762045769,59.697645752059664,49.43148646907457,60.5213730584257,63.13546293080501,63.011406576882415
53.7038313230187,71.32006584144649,60.38386734421797,47.733666371386235,32.29615212183198,66.73765677720479
76.01631456800835,59.23049929814274,24.3994597548408,66.02637894196256,60.23340295937866,-18.017911877289926
83.85545856786764,52.92702992331143,26.00817435284548,58.21957950983018,52.39042045652307,-38.056762208664885
42.69853716273348,32.30423192780371,48.96874899010745,52.67951927821855,86.86189229901599,-173.2821608337409
52.38150362046955,51.07520848648229,47.24048232751654,51.17227260331928,36.64282395521654,43.97072679208389
54.02316794388197,68.5050685680252,43.26424327799266,45.615077990722924,46.51063951828604,94.70247053829948
61.20733944849092,57.822206981400655,54.394157644635094,36.022158609747706,52.47311176151125,-8.687031081843646
58.4579125007005,59.75392040018603,76.15519693180518,47.850059336097445,57.87841481564441,-2.070251770316011
61.91086953372224,46.24436717744801,45.74959618769257,58.019102779516764,92.25405879586295,-50.94949795526339
82.27338667384424,56.735315022529946,26.100894614908466,67.69858630646165,55.09045319333714,23.98389545672982
61.07816055913374,47.6492057150722,47.26216449488313,55.433587774586016,91.57182541630233,-25.962446119794127
58.6928507803539,63.21856800351746,45.45742576740701,61.40007956933811,66.30036655405985,-11.22332412448118
42.00108260882082,50.04692866420508,27.953835424983872,60.603004725918304,55.96078777135337,54.398207913757936
62.89995283382455,60.43438003012073,66.74203584889312,45.661343222182595,44.46766346164949,-1.9208263105485397
86.06100464848411,44.43663698353379,33.67768263975141,51.37145391962043,35.130386106151775,9.661176394979407
78.99742741420684,53.018694374822665,41.24176899019009,59.62069606791823,43.67766144235937,28.778690831551394
58.709404158960815,59.94549418807395,70.06146941310509,42.68161010849458,62.1241843935304,-40.92404578773231
90.55554233892492,53.87711204750522,28.764616558335796,68.41906510671028,41.41749076977583,-22.189375315247833
47.75379532286784,64.80843636884657,50.84585754352245,38.78180221278373,39.862922865255555,62.99046679287545
59.410274252796505,47.387057937028345,34.8370201589013,68.5218323217473,65.05302727252243,32.16077353359004
63.6088149959934,38.944464868049984,24.873652303083716,59.9909841524695,53.14244522319581,-8.821960611958099
65.51098609957354,36.16873028830572,50.66144606135609,46.968880586438274,59.312285682320805,38.8502179513422
65.46511829296892,48.30822175459846,35.33330360706224,57.1862468067572,48.4811257011751,-108.5439976910337
51.99670505699062,52.66652831327411,34.7181203655835,63.188270563002206,46.306857154875395,27.000523993208745
48.06608842257712,62.40782585569828,60.76040485935021,44.49358885437304,37.66994046984168,-11.484574036336365
84.08995489360741,46.466898993977615,27.17885079785329,62.42861180646649,43.316725049286575,12.475568643313263
44.80536107644492,60.9024962100563,62.82811623251206,39.90941563937792,36.022522507026785,67.89375231342174
51.00401380996643,52.81352558740682,43.0633851670948,60.7036241342687,59.87158740898219,54.037443643282614
49.36076230553735,73.75992888844335,42.60700885171488,56.81068673656205,42.82270744195465,-10.483290072023784
63.043847965005874,72.0469622870275,39.31778254454204,58.11268805436918,54.12698103001329,-1.3325715385494155
44.76732539780133,39.832121363526966,33.862714399719124,64.9674549537226,59.23726761970008,17.837001333515353
37.41177585713679,38.93620846129799,32.84513081115431,30.209844863834505,89.11152859435688,-41.75273544408152
85.32608873733777,56.352357285600554,25.518502344236566,66.78570302550513,61.153306174409195,-77.77214051891417
42.60706488023352,37.9433648691794,32.6387724318288,25.54120660863053,92.40211564690468,18.29182494038442
35.19905809502349,63.3228849589608,86.32335918886503,46.05865010865976,66.172483039404,12.484274397826795
56.78239632502192,66.6823512125117,54.71364408112276,49.471407335699325,24.66754188793124,-24.27237555435049
53.64047707090872,44.718884413994566,48.745160633942035,56.974749209521484,89.93778504262957,-31.01377127876518
53.41730204028804,44.451175231840566,34.507578971842975,60.75782042492421,43.156398257047066,-45.29090243096355
81.60756685129567,44.23795436679248,26.506440691236403,71.60788978533608,47.720363568047645,90.12826778132423
57.655066588134375,58.7128487650999,34.85528650261841,64.43654525942122,64.49199479644595,-10.332756188124208
52.11330393043002,40.93608695616512,38.09891697045298,56.88992760482153,70.56833461655246,62.94873987394545
70.3725828929573,35.11248565794866,45.07479986134717,59.19013085484611,60.13828188970069,43.95539546254803
64.53894465927476,35.93794087615596,31.91874498169291,63.263233989216964,63.56469031824368,-41.90155893258861
75.96380719626055,48.516518626605645,33.87252447900647,58.68794987850707,64.43372077656012,-5.472337966179456
60.715457623667625,38.42854978781687,39.38051640565391,67.14081581530104,62.53204330547226,102.64713235014254
78.3081492877804,63.201358941613556,30.56680885153369,68.28044309069674,54.512560143517696,-35.6111706387709
44.21327740732219,52.814339684213664,47.19729589952413,43.60941494109391,66.60914447934942,-9.30504769895291
44.92819297824671,56.93987717305328,72.76598139633894,41.57759089925532,46.596053676545814,-99.39036937975392
59.44651454530429,69.21399936719311,43.69578852388758,42.06901542943456,81.45788964095935,113.67087492501955
40.029725251020295,42.99910994798674,42.994591065018035,51.28443717552127,65.17660699406858,-35.17020729914747
52.3837347904842,64.66957897270521,48.8846650477038,42.59662433758895,24.6471460586939,8.174123501045353
71.86053184191583,57.09433157733619,31.132107777583656,60.35830468779498,44.06110659630349,-144.894164856522
71.20066071034312,31.49750234577064,22.707684454258562,63.87367595698676,39.39885025177137,4.504056976981106
52.64839262147569,75.53091167499659,43.97244951691076,71.65308870221153,19.60978915199321,40.3308544384967
65.44311386338636,28.106527789295225,34.17263338220807,61.76317997631247,59.627197872689095,-2.738589876560372
55.41280020036541,54.66153353929681,37.38012408302721,57.24671070209997,62.063828450728664,-68.62029570813058
47.7942500800725,44.2610632207367,35.51670227952961,44.789772598622164,90.31344931886872,-9.790827347713769
50.35331225167522,58.643792441699304,32.12745591622683,62.20584966717521,51.73452129743867,11.685180977750141
40.76002432217344,18.98722740201154,50.280839474088495,57.396748074231766,76.93990079274754,-99.36858847232709
70.14494664683727,50.75895883484053,40.26189383563436,61.21320894379654,45.24100535515769,-68.32432790485613
29.853347986509053,57.35407187321532,74.4955380762253,45.175276917029436,70.17391362185847,20.147981655685392
40.304409546635696,62.52729440352171,78.64658430286161,43.082663203597704,62.56233725271052,40.102519295727554
51.16723852999067,19.995118557718392,29.0595801239335,63.635666592044316,53.765902402364866,0.5391138842557117
66.77956075363399,40.79173029993107,38.77473696035742,54.788936690661146,52.61343096483313,21.183538119640705
39.92889261204265,55.945575582335024,63.053158863069584,43.00727448127764,42.259065437446765,64.38834426209215
42.54358838203149,66.61812581895128,55.6444226857891,48.88518892770867,63.71237058824201,52.43221468933004
53.59146222564753,64.5137965263819,69.56388637234328,38.832090471185055,58.33112060374883,-40.60637475041927
60.08949966411346,23.217415777077832,29.775896593853343,64.83870938204117,62.622103623059324,-47.45751498693454
70.8764326816683,63.19077753791721,46.7320042234293,48.42332775640125,33.37780743464194,-10.658880006604617
66.1225412425942,49.645053962276315,27.958507154108474,30.002144291442658,90.36162780227494,2.232656420439941
66.00065898026608,31.413931311105898,37.165298568179175,58.96330517295864,62.95842314674577,14.394826153864987
57.02293335884734,66.05767905510719,56.1852070426114,39.660481356066406,49.033937082520055,-26.763838884654636
45.61925769014984,58.1110160369014,47.94017306218157,59.720289335739075,47.25778280040152,64.2986661938952
54.935336151642865,45.56697599910871,34.060301874148664,70.30592957476196,60.809844732157686,61.59070896880014
63.19403305229271,60.5539750318614,71.69339804454532,48.33584600036804,32.83972452626566,35.79797436489731
70.35812623151648,51.46402383903529,28.3014693007283,59.36322370091797,48.44051685870683,-53.147779812726384
49.396187090156246,55.67085922370714,30.90074909495205,62.65339221513589,50.81348314312004,-9.658107635693149
75.82569273153241,51.07004735485489,28.592386435529406,66.30655600317249,56.038727246468504,35.02100686983164
84.82877988246076,54.02868374898674,32.67065986694467,71.75348492068704,32.77359851903525,-8.470840505165151
44.13944598801524,23.499725965429032,40.757747552071656,51.63499096626029,50.01787340107954,33.34166438514384
47.61127144552063,64.80726536397958,75.80745122824973,45.50630464963086,42.731340128755285,-45.14850686179149
42.51433252813551,70.58665618857006,39.24443722607732,45.58168985569621,32.4714811104972,-48.64510502454051
48.11566399898267,37.170666062252906,41.49384395174552,43.96323500849421,88.64901605124206,-70.30726967520363
56.90869227549649,61.218034458051704,49.52666886030469,41.43153839165718,30.10661700196094,75.47202308833944
60.90142532894189,57.75452079862817,61.65226072828797,42.97252244664537,28.23204570326051,-7.0494452784246135
56.80010333681428,61.27785635711292,38.2912587616979,62.147221545415846,46.6795440186238,-30.85457692412413
77.71701128623202,66.00728117866441,42.63261612601552,62.341153369579644,43.15296985582363,11.839922773277276
44.94101304521219,70.3044359968646,40.72029205770717,45.26414921300256,36.611914114088826,24.446069345910136
69.65083816543306,48.15345694673148,25.24219204433298,61.532880683860654,59.20447198699941,12.597836167695977
89.54012857505613,42.52531052724248,40.219007633669165,59.570240216064555,34.11299939058611,-111.2713938165959
40.61682142829331,59.66355893155276,60.88595651970445,45.41383922805028,44.26450596731054,49.49518011739934
74.36797727619043,25.394001818554436,49.321737204650375,54.14777901937146,43.70251277315037,-63.67181570445379
79.38126846718318,37.50361414046742,44.37298023771571,53.35826311002473,52.26507920231582,24.583514115218097
76.41587913890741,41.53881625921759,40.075056985442615,57.00672119085749,46.37309000605045,38.91387643873006
37.81570767683099,52.70297501243999,36.48294259968599,60.64792756542743,62.78877529909799,-48.19715180861648
65.66967769219819,40.485246350947165,33.28086149849819,46.83782608814029,89.04467698091838,-21.562220845494306
75.40913536253109,48.011943208641924,38.62050538613384,61.57177410891633,89.4552925136494,16.44793332071031
54.895418840790605,66.76224677277445,44.54297380241795,42.491760702877244,51.57541492929788,14.133453209847245
72.69109477851326,45.78082639866143,38.38603936343961,65.6466366081723,72.70952269115296,7.391303220734912
74.0744161178286,31.50779190193231,37.34823365930802,57.40688189392274,48.567656414563324,63.37537856964373
57.23131213408417,68.95676883443693,45.60210318123177,49.34326148013065,52.097075235779926,1.3456550545468389
63.107257035924874,55.536224808586205,27.32413771984086,55.738393101951566,52.06853982893884,-44.969442409267664
53.21343042454985,65.11482479874249,50.84834382250284,43.25704065708943,38.25320337118375,18.24154946788025
62.649542617832914,45.64255500779878,35.991356014734144,61.83694762646764,42.53787234312541,29.39648090617898
52.88764457184834,59.80112490834212,79.70896920528602,39.202725523050965,37.94129774227614,-94.50256575692468
58.74347306896238,32.51434210801885,38.87769133095409,51.79973157784437,68.56307872742178,48.11940988158379
51.57726901911015,33.672871827123984,46.165385620726504,50.447112086133735,88.02256427549388,-20.537630752749475
83.73266975527795,67.05263439110115,38.285702488446745,59.43939683888126,61.69348326213975,-22.404633836488593
81.67520063718133,55.939102593306494,36.95748909947702,62.700771016826415,51.73271889747749,46.43693554903956
34.54109947615488,59.52965818733917,77.84181688644333,37.58828047847193,70.22338280552923,36.94432210963147
56.01611408428094,55.8670067422093,46.56640363176784,51.027215934077965,55.31828603416489,-23.877240689649003
50.545548073339454,37.954112499963564,32.421981287458706,65.68724717892263,40.89219362949302,-68.55244934990193
59.46734171362585,62.88305818690157,65.20680859332114,40.29297329894178,36.08632139080722,-102.65601353321804
85.71397233890536,44.403373401511416,39.34212359824482,63.88010932730199,39.507527770277264,-25.28902995705596
69.85550158210503,38.965946629157116,32.39985203352627,63.95148523038915,29.101059390994543,-29.339721720391715
54.056261169420836,23.9827696682773,42.304675056513176,54.698153524747624,49.04917947668984,-63.39446682871294
81.86129062094541,38.149937846334176,45.06957436165563,64.48744816186768,59.238939326567795,-12.182455585188334
49.40786719364015,57.850603571047614,32.69960714926735,50.11969401463389,24.711357140101274,-108.9516900758748
69.14637508311701,44.67393627651385,35.301868384010675,56.2212379017386,93.35080622239211,27.32929817003093
81.9501252418671,52.516493523100614,42.25114578883443,60.65173000917417,31.57007530300031,10.049559734733911
62.34215462652088,55.40726788263804,46.94799313356087,55.26724215052819,66.03094342897673,50.43766843534382
74.16611624971647,56.33316736728853,27.586822426067492,64.39719550023258,46.50876112739813,-58.47009894389443
76.20069635569638,55.41164127650559,38.53623023220638,60.522626603028314,47.42841268519772,54.42234179123389
54.553913016188126,67.75775404073758,42.25896600132134,42.49471107030145,32.632129709266266,36.215416998151866
44.93418707076843,49.536361876768275,24.124866402294813,16.513193973791175,88.8116781718952,38.12369312951109
43.82058730016696,39.36698122471466,29.025027256423613,30.12020149321639,90.81569924403644,-64.81036365186692
83.16287082870494,52.53202456216516,27.767518226754174,68.786941650044,35.39161695978086,-53.48172014377391
42.84950441650556,62.266121175241224,26.591344459619467,41.43485566367726,34.430263009709364,-57.624536618985005
52.42249859912008,41.51161352688008,51.393935396196596,62.19620210745774,90.73520659205937,-19.55493742551888
62.13076599523566,35.0835091797218,36.9593940917331,60.61935507585085,65.6158912435868,50.61446489761728
60.76586399516985,52.093138327755256,52.73407323153138,47.60817384294168,48.68117356941277,-39.55591081787787
82.48526794732703,42.12828655954683,28.271621521273964,60.01328446567131,63.15513210207035,-89.82970216692979
78.61380500539114,22.573762314004824,34.258111223145825,64.01237422692934,63.617172346248005,3.6176843816841995
51.83361543097589,41.72298880445049,37.60695032077152,35.749343266211255,90.17393985016554,41.30252603755756
48.31675122303999,63.2801486375202,40.62196341955664,59.16129983641637,69.90506502546685,-26.682491051132132
46.974751837641534,49.835940156359676,27.838378786379607,62.72679268685803,67.53684128507224,52.192021360015254
49.588651412662884,59.7052372568953,43.2282833861058,42.255984244597656,25.97292857756841,11.374701906169703
41.988466931166826,59.18043859455424,52.00347317288297,47.922323615426514,46.7168772133178,-1.8519812399400362
45.64951707146564,56.98770806396492,61.35019691297325,41.24456562338444,60.189269206373034,37.039524590856814
73.79203164703375,49.990967298208986,31.551913913114205,62.80613468548218,67.43555545872286,-1.5606535388489693
45.43415990256125,65.79646265580948,40.93762523404689,45.4707082471927,30.587007628399846,71.58072465297167
42.94836267305742,56.86746090465091,54.01404378231297,44.61554139994538,37.612998032877684,16.486137788090286
54.37268504982996,64.84315822406015,53.31969073334211,34.80114753761331,52.387855241136606,18.597641784778517
50.66275965297821,73.88927615808849,41.81617211421252,53.49873746142414,55.25428000232589,81.4467450286776
64.61463680302725,29.59447064121992,40.889438961169695,60.972791497519054,53.35319332883425,-33.99966610344774
46.825137607284105,24.002672352295928,40.26475158243436,61.44909045964644,72.46469326826373,-2.2484275143419694
27.406654093521787,65.9470554585533,38.04316666970159,50.58908139969135,65.7867300688479,23.786096045904443
40.02062584315833,56.07271872359873,82.06590150291454,46.99112894839061,61.615757298461276,-98.12187688846173
48.266624108844645,37.72516589677921,58.15658065456002,61.20599631919414,87.87125911896591,-50.077061431065005
65.55075262861108,39.01994300279996,45.99436781889728,58.77415588775427,75.32692987617376,1.540473608619946
