intercept,layer,node,node_0,node_1,node_2,node_3,node_4,node_5,node_6,node_7,node_8,node_9,node_10,node_11,node_12,node_13,node_14,node_15,node_16,node_17,node_18,node_19,node_20,node_21,node_22,node_23,node_24,node_25,node_26,node_27,node_28,node_29,node_30,node_31,node_32,node_33,node_34,node_35,node_36,node_37,node_38,node_39,node_40,node_41,node_42,node_43,node_44,node_45,node_46,node_47,node_48,node_49,node_50,node_51,node_52,node_53,node_54,node_55,node_56,node_57,node_58,node_59,node_60,node_61,node_62,node_63,node_64,node_65,node_66,node_67,node_68,node_69,node_70,node_71,node_72,node_73,node_74,node_75,node_76,node_77,node_78,node_79,node_80,node_81,node_82,node_83,node_84,node_85,node_86,node_87,node_88,node_89,node_90,node_91,node_92,node_93,node_94,node_95,node_96,node_97,node_98,node_99
0.13938934643582443,0,0,-0.02508470295159663,-0.07266947645679753,0.31827641196081985,0.15666077068404569,0.39383542773208496,-0.11457426577511082,0.01613248007969792,-0.21599909248258853,0.2314341136286158,-0.17158354777272844,-0.11813731579451354,-0.1685391207510734,0.1239353719898985,-0.030641369993774224,-0.01765740049960387,-0.05968379198202801,-0.17236265716779645,-0.04657702508086933,0.19171759909436395,-0.24363652491034607,-0.028002029918415893,-0.022727271288916828,0.08078501593883997,-0.1317652091373565,0.27475707925306564,,,,,,,,,,,,,,,,,,,,,,,,,,,,,,,,,,,,,,,,,,,,,,,,,,,,,,,,,,,,,,,,,,,,,,,,,,,
-0.08244261538086199,0,1,0.23169823104650603,-0.004867435653986248,0.07791183388780008,0.043631974419853184,0.14654085314549725,0.028422588913480113,0.23303499003752617,-0.17138906428393808,-0.1446265979329171,0.07299055408736731,0.20672383925269175,0.09339786484679144,0.05207226342656093,-0.20529888633627694,-0.09741236431151326,0.07447101003749543,0.07370490941355168,0.15064914639148094,-0.13687459374273134,0.023002239733954363,0.05839527241535614,0.001883795152176122,-0.00616490634591683,-0.014013983333252936,0.004783067933371694,,,,,,,,,,,,,,,,,,,,,,,,,,,,,,,,,,,,,,,,,,,,,,,,,,,,,,,,,,,,,,,,,,,,,,,,,,,
-0.07028633345292427,0,2,-0.40528513749747497,0.15266830303796475,0.12252301515305755,0.26590969570385614,-0.21822684210870524,-0.012416928190543793,-0.39516458695153256,0.15618713791180822,0.16438741591108533,-0.3343437933973286,0.0758084220079725,-0.2778390546644556,0.15439139574389463,0.011105684953829156,0.0903535909938103,0.09403286918652917,0.20386329944949158,0.11428473247209636,0.1722810224764656,0.22805200762262826,-0.08947752081325658,0.14397478062144342,0.07059914675166479,0.1063891301408863,-0.1945053481676042,,,,,,,,,,,,,,,,,,,,,,,,,,,,,,,,,,,,,,,,,,,,,,,,,,,,,,,,,,,,,,,,,,,,,,,,,,,
-0.0529787970405847,0,3,0.10992509874905702,-0.21473450382483522,0.14953896353795856,-0.18113536283169263,0.1702016737825238,0.12219163299218254,0.5294724039236646,0.06700910621626895,0.12841303844930926,0.14756312087885282,0.6587183058328631,-0.00639588075772416,-0.015915813438806017,0.5653700543238893,-0.08230723897347812,-0.005663514083486728,-0.3808539576629569,0.01247345858354393,-0.12266950451742709,0.0006659753238521433,-0.1575075825554553,0.18416053149877085,-0.3816289883112981,-0.021119116146640495,0.20766191629714995,,,,,,,,,,,,,,,,,,,,,,,,,,,,,,,,,,,,,,,,,,,,,,,,,,,,,,,,,,,,,,,,,,,,,,,,,,,
0.16778494365102103,0,4,-0.13794441090598286,0.17066337162839806,-0.17409927234382436,-0.23924672487143062,-0.17329875127391117,-0.12127556916227437,-0.046575671058867944,-0.1299072914221601,-0.12597168214887836,0.12302738777756692,0.0995707056072585,0.2012910259593261,-0.10187898404420861,-0.08659093562548793,0.06995759728875153,-0.16399608031043703,-0.17612862828174272,-0.3505140342480307,-0.06453083185081859,-0.15364605835268508,0.014348040985654037,-0.11949264654036285,0.22292968986347417,0.038862935530074964,-0.08781990249855681,,,,,,,,,,,,,,,,,,,,,,,,,,,,,,,,,,,,,,,,,,,,,,,,,,,,,,,,,,,,,,,,,,,,,,,,,,,
0.12269290861156068,0,5,-0.1320295605533464,0.05890568190016927,-0.09078488492503074,-0.25351513471326564,-0.0637620829250699,-0.07613389134524014,0.2461390941888564,-0.12263196008057703,0.037180621278023455,0.022556382183370305,-0.07136903413253833,-0.004425495788032482,-0.044817555600245335,-0.06775515941576958,0.21774025397447508,-0.004535985042563851,0.05663770652783963,0.08044785779670306,-0.1590986900719731,-0.0021047022200455547,0.09072676652579519,-0.25862828993253767,-0.16874751998625323,-0.029887366040185524,-0.11041828505651369,,,,,,,,,,,,,,,,,,,,,,,,,,,,,,,,,,,,,,,,,,,,,,,,,,,,,,,,,,,,,,,,,,,,,,,,,,,
-0.05810122826053313,0,6,-0.10666745265722695,-0.1283510680236073,0.0006430451113862343,-0.13680435898549806,-0.1365969171253215,0.020768542218126036,0.14244178921219938,0.11008587948685893,-0.11060866137473802,0.31283317741200944,-0.09586116747641166,0.15068890533226043,-0.05100819763398535,0.11574889874073005,0.11252382838131646,-0.06906162766731393,-0.18436172913907964,-0.07382138959424744,-0.3271149756598431,-0.07577574256545855,0.2995002187387774,0.0916420699217762,0.19333903527674265,0.22134003638452113,0.15586732225795846,,,,,,,,,,,,,,,,,,,,,,,,,,,,,,,,,,,,,,,,,,,,,,,,,,,,,,,,,,,,,,,,,,,,,,,,,,,
-0.2513419190309487,0,7,0.011741427153662165,0.16290678197528502,0.08195263694395459,-0.04110744988014982,0.01187224945669069,0.025398726195551172,0.015113383773141172,0.002841225951762636,-0.10948165153387049,-0.3579481308344391,-0.03899067865681526,-0.048008831821385364,0.20632307946594058,-0.1330014339568851,-0.08331299261005239,0.10471749893687995,0.4509592813448839,-0.07983218317524572,0.25477217433620514,0.21551830591540277,-0.3141618416798692,0.23482584936231943,-0.0873237161005438,0.124426952991486,0.35080308889454936,,,,,,,,,,,,,,,,,,,,,,,,,,,,,,,,,,,,,,,,,,,,,,,,,,,,,,,,,,,,,,,,,,,,,,,,,,,
0.05855150939989425,0,8,-0.08175524994271123,0.08395257349881448,0.15227471981188645,0.090921347243366,-0.3830521992273929,0.04441524485115447,-0.08381575862389169,-0.21539914877968563,-0.09135094785047365,0.08024165040959703,-0.09827659541584016,0.169276968668412,-0.36198319828695724,-0.03748462883006266,-0.4819058605132449,-0.009346260762533674,-0.22742893766117359,-0.04463500559680011,-0.5175473101742178,-0.2772374183862787,0.07951152161671292,-0.021794499794564683,-0.046370919547118354,-0.18800931777664698,-0.1567808501889222,,,,,,,,,,,,,,,,,,,,,,,,,,,,,,,,,,,,,,,,,,,,,,,,,,,,,,,,,,,,,,,,,,,,,,,,,,,
-0.32841850931816147,0,9,-0.026990764676207098,0.17572238742069957,0.1985715969473759,-0.12481454808911521,-0.05858077653483643,-0.011016700792913533,0.0679474097206427,0.06463769986000623,0.019565775691797033,-0.36788317467784337,0.01739643501012788,0.1257686613329264,0.2005550022352138,-0.0484586010248047,-0.1544733561567884,0.11268374818449457,-0.1792946692148418,0.039841886817183335,0.06554303873717605,-0.0370916278963452,-0.23336217702394088,-0.22669443327440938,0.11781141573822604,0.10833240110851698,-0.1466389027944077,,,,,,,,,,,,,,,,,,,,,,,,,,,,,,,,,,,,,,,,,,,,,,,,,,,,,,,,,,,,,,,,,,,,,,,,,,,
-0.14985939732991102,0,10,-0.018816677284981487,-0.04500347808915914,-0.2171986711509403,0.1947577078941506,-0.10558779151068609,0.12650176087727807,-0.06004930660089239,-0.05780425157151424,-0.30511146541648954,-0.058453908280756375,-0.023106007325477327,-0.10763383495927717,-0.010007907589421081,-0.16566114981720684,0.007915457948019174,-0.08052350329325332,0.2940868637515459,-0.011323976527059416,0.05767035144675419,0.018574125646713294,0.028234618953412338,0.38788104964290476,0.09003103169499325,0.014387270319639864,0.10407519043636959,,,,,,,,,,,,,,,,,,,,,,,,,,,,,,,,,,,,,,,,,,,,,,,,,,,,,,,,,,,,,,,,,,,,,,,,,,,
-0.23596839324033259,0,11,0.10207246550028537,-0.0894734070233609,0.11320629201052634,0.17247579541804803,0.06934816523504496,0.014652930376013375,0.29133701029266323,-0.0904925503099076,-0.16227376168095392,-0.255243801830825,-0.05179225203505881,-0.0641180426806872,-0.09055521965293041,-0.15133200528741603,-0.12756434352805104,0.06270022828524538,0.16558602965057273,-0.01618219540364176,0.22236962961532133,-0.0628199121665406,0.01579648379875579,-0.09734457141826014,0.08546573717700898,0.16981903847781693,0.21472437866129448,,,,,,,,,,,,,,,,,,,,,,,,,,,,,,,,,,,,,,,,,,,,,,,,,,,,,,,,,,,,,,,,,,,,,,,,,,,
0.28527683826347794,0,12,-0.1102825276927363,0.1917834805171086,-0.2015063009131916,-0.30785292629554867,-0.03494523128064731,-0.2898478885275017,0.1678581077194954,-0.1520673876395011,0.032700816783126016,0.1887241089101977,0.19992211523698403,0.09302283839324078,-0.11515609011267325,-0.0797390117961251,0.12204678103433952,0.20725271550165889,-0.2209077388392067,0.030467509347867548,-0.15533320939656348,-0.15871775413802602,0.09978384027115414,-0.051428336963881695,-0.005159420158536746,0.004914641550468624,-0.1446746688918554,,,,,,,,,,,,,,,,,,,,,,,,,,,,,,,,,,,,,,,,,,,,,,,,,,,,,,,,,,,,,,,,,,,,,,,,,,,
0.049323713935729575,0,13,0.1985167086813514,0.07557241236761218,-0.5175593286748924,-0.32189730991173815,-0.09799384223529234,-0.14416577311348322,-0.018450813234719483,0.03501105252253263,-0.14716530308410386,0.32650193748724426,0.06533941601894551,0.02088000386872175,-0.028330218786148064,-0.06250452888224886,0.18495447252863556,-0.14984149828151466,-0.24923809330255065,-0.10511042699308164,-0.2979954901609963,0.03646510552135933,-0.010774895566371156,-0.17724864566617082,0.12871361183216723,-0.1348191927431509,-0.05122367758999295,,,,,,,,,,,,,,,,,,,,,,,,,,,,,,,,,,,,,,,,,,,,,,,,,,,,,,,,,,,,,,,,,,,,,,,,,,,
-0.1783563096087439,0,14,-0.18440606897925968,-0.23003241268243377,-0.24696737630730226,-0.1748307131935453,0.07701857806684823,0.1875361362662194,-0.21676803025631072,0.19444086192603813,0.2427324658827155,0.10416701221713841,-0.20221302617224213,-0.1178482625110026,-0.15688819758021286,-0.048159996480023406,-0.14121189959339528,0.14765674258849315,0.24837116433332848,0.07027687285567127,0.17777578833976937,0.05669007284893004,-0.24754942027156535,0.19013732487666768,0.2015090735832311,-0.06699749380147364,-0.05972650175747745,,,,,,,,,,,,,,,,,,,,,,,,,,,,,,,,,,,,,,,,,,,,,,,,,,,,,,,,,,,,,,,,,,,,,,,,,,,
-0.174625169860997,0,15,0.03052915741231925,0.09036382489809523,0.039430317025146155,0.011786255579429434,0.08869209732187851,0.045403495908339246,0.22277747472297066,0.09122699607706035,0.027049506460445082,-0.15242691300201033,-0.09188570289132741,0.06332586885435765,0.07640589268194611,0.22957306796308163,0.1628922848887799,-0.11833676020955305,-0.035572698370191634,0.13255010197039466,0.22032316600991106,-0.25178603770623176,-0.26491028340734124,-0.02093745154070865,0.04211292204274311,-0.0914219019965379,-0.19415927004548175,,,,,,,,,,,,,,,,,,,,,,,,,,,,,,,,,,,,,,,,,,,,,,,,,,,,,,,,,,,,,,,,,,,,,,,,,,,
0.19282600530725164,0,16,-0.018081250374780183,0.10084421666430904,-0.41156171351851295,-0.0863652223194139,-0.047788996695373925,-0.08636672328980081,-0.09759254327533812,0.11548075230837092,-0.11251865963996371,0.20104792036237204,-0.12124564681159089,-0.20950022536061755,-0.0044062362146064255,0.016316242859036094,0.20137921382448434,-0.19490826384182858,-0.22889247011108374,-0.10377625047810289,-0.15060807125911238,-0.17484855781330988,0.012934183560169284,-0.05022481685744713,0.03577531281015631,0.16825715360069987,0.032129051975737566,,,,,,,,,,,,,,,,,,,,,,,,,,,,,,,,,,,,,,,,,,,,,,,,,,,,,,,,,,,,,,,,,,,,,,,,,,,
-0.2574453272917995,0,17,0.028946787504080543,0.17873903618829498,0.35003054001528994,-0.0072890664922529505,0.22988418882489184,-0.06366889501225444,-0.035944926493189915,0.10688573471959385,-0.08214332543574479,0.05369320318402052,-0.06785687142642483,-0.056897428406849936,0.19199938283373547,0.05729878491051657,0.23082584861197059,-0.16668949972109576,0.11138201406927521,0.13114284455952724,0.22255484863851022,0.02964627364421139,-0.02378571999273564,-0.05230726899269897,-0.10918832304100742,-0.14280355769643605,-0.1400150312648412,,,,,,,,,,,,,,,,,,,,,,,,,,,,,,,,,,,,,,,,,,,,,,,,,,,,,,,,,,,,,,,,,,,,,,,,,,,
-0.07256759223583616,0,18,-0.17897743675904995,0.08978879333186984,0.11035735045700949,-0.2023398109005375,0.04379978868683478,-0.11052529034259738,-0.02796203214568374,-0.011937127626406833,-0.04717665048108738,0.06434808978205013,-0.2330257598283028,0.09769248477813933,0.18721182328790634,0.2196238233328126,-0.2516323548683983,0.189451047328227,-0.08142594475009786,0.012947837411257926,-0.23737617126398478,-0.07286635390942582,0.23002505234309306,0.10252366705990623,-0.05370846924685804,-0.021112101625230303,-0.11272685454687084,,,,,,,,,,,,,,,,,,,,,,,,,,,,,,,,,,,,,,,,,,,,,,,,,,,,,,,,,,,,,,,,,,,,,,,,,,,
0.15723962484501627,0,19,-0.14454306527291458,-0.20576163319947624,-0.21541544371384577,0.11009967984880188,0.048829275857849914,0.13566543134537873,-0.1973079870857405,-0.17264942497159558,0.1683441309807307,0.08267564185696276,-0.04748818551456854,-0.39504117195095284,-0.2408370816906747,-0.10326368868378359,-0.1397054807024262,0.1717149298712929,-0.028013400978271187,-0.14148695235113926,0.01985600276024141,-0.05676296488898623,-0.09008862592655659,0.012402482124273768,0.014460470570487405,0.04405584573631062,0.0015862641324857353,,,,,,,,,,,,,,,,,,,,,,,,,,,,,,,,,,,,,,,,,,,,,,,,,,,,,,,,,,,,,,,,,,,,,,,,,,,
0.17968991750457397,0,20,0.08514671609218934,-0.05368439422997118,-0.42748107370648886,-0.09621071028801961,-0.22111219114974373,-0.06020502768294814,-0.11271043777375112,0.042522709181857035,0.05840379526044839,-0.08203427335519245,0.1193135622729657,-0.1196307222507632,-0.06777730340595448,0.11450698008814501,-0.17804954383352248,-0.11087400070372107,0.046053509047635346,-0.09004367741655378,-0.28167747155973666,-0.04328094131190541,0.2687186606594583,-0.19821097856229627,0.1931106590115487,-0.037870507440150275,-0.26478878773782827,,,,,,,,,,,,,,,,,,,,,,,,,,,,,,,,,,,,,,,,,,,,,,,,,,,,,,,,,,,,,,,,,,,,,,,,,,,
0.07072828636004844,0,21,0.14080992709362872,-0.22976999539765283,-0.008909777032373011,-0.048465832347842075,-0.15769812248964918,-0.13032645846715976,-0.05333548273624366,0.1254049964445968,-0.14401782941226948,-0.03648397217591351,-0.1922039932933622,-0.40673066962199167,-0.11333136748293605,0.17164372058547092,-0.08863822944152501,0.2050045216711366,-0.05413515461857702,-0.27617802493393834,-0.09576456268526048,0.05448426364045628,0.09862458328923795,-0.09852570256754356,-0.13546669543848475,-0.036285497730686324,-0.1956983060065458,,,,,,,,,,,,,,,,,,,,,,,,,,,,,,,,,,,,,,,,,,,,,,,,,,,,,,,,,,,,,,,,,,,,,,,,,,,
0.2671829714922587,0,22,-0.07834453042806205,-0.15126165766157926,-0.20505795802962817,-0.14674865328212525,-0.13450073554239264,0.07101145218988361,-0.132280551523443,0.009267884477054872,0.06659362015832106,-0.05543918878445255,0.028625451649665883,0.22162177044400141,0.05547891891615941,0.1824015986143669,-0.20502099164973064,0.1382560057827579,-0.0492760270096316,0.011745944201552172,0.1512152745401691,-0.029592942982570834,0.20685442795143427,0.05526214662834168,0.10265815471752368,0.12848657305808683,-0.13708983360990687,,,,,,,,,,,,,,,,,,,,,,,,,,,,,,,,,,,,,,,,,,,,,,,,,,,,,,,,,,,,,,,,,,,,,,,,,,,
-0.06018651307608762,0,23,0.10715481546717316,-0.1590538332914701,-0.15983271393033646,-0.17638077886546358,-0.24068863394491596,0.10176700053250398,-0.026190052142573216,0.047541600162944835,-0.12736032940846395,0.17511345260801206,0.1723175154868691,0.08313962803649062,0.10953983042360949,-0.23000810308992864,-0.08335930160800988,-0.12013330896397062,0.08889648347336555,0.111700298493924,-0.10628493863139625,-0.1934059344033599,0.2925872676196973,0.07868427561523575,0.0650111730690069,-0.0271821104747927,-0.09977634199028099,,,,,,,,,,,,,,,,,,,,,,,,,,,,,,,,,,,,,,,,,,,,,,,,,,,,,,,,,,,,,,,,,,,,,,,,,,,
0.2112969498772073,0,24,0.16331189252669276,0.16003289581249483,-0.21565175190905864,-0.23279495703265912,-0.26415526084743546,-0.09777777493269496,0.09477612567557339,0.0029684632470361356,-0.028825928453547464,0.11168183872319226,-0.0017796858794731152,-0.17931327581253284,0.02473499563389549,-0.05574501210364106,0.01785081552113081,-0.01549071594397491,-0.33377950395136496,-0.0917905671442197,-0.17841644652524694,-0.09662955157625015,0.08528451315414566,-0.20546098889891565,0.05064486237212591,-0.03788373824029612,-0.12619026888352444,,,,,,,,,,,,,,,,,,,,,,,,,,,,,,,,,,,,,,,,,,,,,,,,,,,,,,,,,,,,,,,,,,,,,,,,,,,
0.11566462325571635,0,25,0.23039447884808462,-0.04598880668106721,0.41070325183355294,-0.00045718317816871194,-0.02864503840948827,-0.14669764382707245,-0.2073968673265242,0.11325175532840796,-0.11921578705697049,-0.08714303653644365,-0.3520366727012092,0.17631437847064174,-0.1092729449738337,-0.27054918936994254,0.1937207057410184,0.05549062562416672,0.3213803465186666,-0.19710565144700812,-0.1128099966937758,-0.16271661967433915,-0.05304200999179311,0.04105010661183402,-0.08659289415257322,-0.08887206384164877,0.24238215710151875,,,,,,,,,,,,,,,,,,,,,,,,,,,,,,,,,,,,,,,,,,,,,,,,,,,,,,,,,,,,,,,,,,,,,,,,,,,
-0.06199958744574464,0,26,-0.21060642590431083,0.10733483781453027,0.11125944537569794,-0.18394168280016235,-0.30762976830388067,-0.2673763272554182,0.14467642093694025,0.03161175388768515,-0.005534158749003449,0.2468507857278302,0.1327997221378071,-0.027709088140849596,0.0035037060411342805,0.17787383170705381,-0.009788429467044972,0.04286512512217371,-0.1851455062317988,0.07681174054018668,-0.3674876894686277,0.10572655847511706,0.16747389055296363,0.14902308343688986,-0.19398632789076048,-0.010569797956443612,-0.18542452186207609,,,,,,,,,,,,,,,,,,,,,,,,,,,,,,,,,,,,,,,,,,,,,,,,,,,,,,,,,,,,,,,,,,,,,,,,,,,
-0.038506530935128555,0,27,-0.2647415424588297,0.12787282444354237,0.09058804504417596,-0.06819615602532768,-0.07797456660285189,-0.30281770478934356,0.08691718814293023,-0.22379638888635636,-0.20746481964876196,0.08469985121944551,0.044595448237403315,0.01806656651093012,0.18160616646118147,-0.06472703514947356,-0.0839265654437382,-0.1287685610429282,0.0008623333837767968,-0.13466314123242032,-0.1681833067976652,-0.14644421808982971,0.07914224283042554,0.21441645858580302,-0.030728627034234932,-0.1391426616628954,-0.10261073147619178,,,,,,,,,,,,,,,,,,,,,,,,,,,,,,,,,,,,,,,,,,,,,,,,,,,,,,,,,,,,,,,,,,,,,,,,,,,
0.03257491115713605,0,28,-0.031218194287996798,-0.1754965086025313,0.25503433036237677,0.027427720562435167,0.11283704279087067,-0.03931375223684824,0.05617838600171723,-0.24005161930004815,-0.1387933233218167,-0.02646985445161326,-0.012124203533073283,0.14337005468389385,-0.13963664741241785,-0.10750279846935254,-0.09143771680232254,-0.14824296160699504,0.18647080362144824,-0.014184234622520555,-0.042782564660264165,0.2715177801702068,-0.07505961435616347,0.14637119253645064,-0.2579739446595897,-0.025741526309505856,0.09379511947059264,,,,,,,,,,,,,,,,,,,,,,,,,,,,,,,,,,,,,,,,,,,,,,,,,,,,,,,,,,,,,,,,,,,,,,,,,,,
-0.13635321973042255,0,29,0.11891970233499725,-0.053475186380660504,0.10859630747587316,0.22317563300908755,0.29497526371139304,-0.07416534508080305,0.07230453659974789,0.38858058801762363,0.1797167780881042,-0.16635783473821217,0.2183252947726513,-0.1736760997345123,0.12447755996433633,-0.13008622084078086,0.03608631527188679,-0.4666932180434148,-0.016921443207706492,-0.11066056900658443,0.06743826509469923,0.09552404368078975,-0.23985838640424154,0.059287332819735354,0.0361468812142753,-0.42356412621946565,-0.11582073971761249,,,,,,,,,,,,,,,,,,,,,,,,,,,,,,,,,,,,,,,,,,,,,,,,,,,,,,,,,,,,,,,,,,,,,,,,,,,
0.18634329888531373,0,30,-0.1847827026770702,0.015930132358706408,-0.12118839251574251,-0.18661123782074587,-0.15890673163609711,0.022389968908249413,-0.03401349799030735,0.012478678299936999,0.10899839580216335,-0.08296115737983453,-0.09937742021565393,-0.12107174728375109,-0.12398044249467663,-0.10600622741726129,-0.11440575456385965,0.0827128123364829,-0.13359413058099917,-0.24588851780199128,-0.21579345063526417,-0.09713683849613197,0.008617401868437737,0.04295600869939353,0.17173920868508344,0.22650071230618296,0.09376672641178498,,,,,,,,,,,,,,,,,,,,,,,,,,,,,,,,,,,,,,,,,,,,,,,,,,,,,,,,,,,,,,,,,,,,,,,,,,,
-0.3876963232113544,0,31,-0.12604143434054715,0.19511749203289996,-0.25982844583766707,-0.15108796289154325,-0.03706715710808535,-0.02052696955125137,-0.05405396579717806,-0.2804789581189423,-0.04688124726479879,-0.22840845469184923,-0.2515646587575708,0.059576430826351764,0.11611125254945175,-0.1853857519919932,0.13678604671688646,0.0983014944384548,0.21630254457907505,-0.052617912664643114,-0.046222614637358196,-0.28391753326031405,-0.07598799857300782,0.25876791270045246,0.10054367421440721,0.08016321769161774,0.21898297259896923,,,,,,,,,,,,,,,,,,,,,,,,,,,,,,,,,,,,,,,,,,,,,,,,,,,,,,,,,,,,,,,,,,,,,,,,,,,
-0.24876980716721303,0,32,0.18319736576612056,0.05119689165551794,0.13158295822035396,0.08150414262788991,0.2793856590866372,0.20309259127298918,0.13927541640938804,0.34230061865335254,0.11951057195534838,-0.30070847226913644,-0.0015516377578979005,-0.03081139561888842,-0.22084660062802738,-0.29316174601424777,0.1152440445581459,0.04038043769162121,0.16600877056976246,0.3056860806483447,0.24400734336517318,-0.16026304627307936,-0.038458199652229005,-0.09065572190432943,0.04651596951223282,-0.08517433309886883,-0.24156625070756838,,,,,,,,,,,,,,,,,,,,,,,,,,,,,,,,,,,,,,,,,,,,,,,,,,,,,,,,,,,,,,,,,,,,,,,,,,,
0.2213146128848633,0,33,0.013713817309317302,-0.1659085726762962,-0.33643850888486393,-0.20550271557613944,-0.03129947994201363,0.03824852286566265,-0.042943129717559106,-0.1466445390986066,-0.363172919631291,0.03503714095524158,0.0019772657624793754,0.05576743802669319,0.24127740790165775,-0.04814710974720042,0.14358370570231221,0.10536935446788775,-0.03183019723720303,-0.05375033525592995,-0.15257330428107874,-0.0419763343836235,0.2575519097615062,-0.09753363745044023,0.04474931566163746,-0.012428485141241393,-0.22366252787892255,,,,,,,,,,,,,,,,,,,,,,,,,,,,,,,,,,,,,,,,,,,,,,,,,,,,,,,,,,,,,,,,,,,,,,,,,,,
0.1255120535412068,0,34,0.08784088115474772,0.1269064472568287,0.15069136866402041,0.23177586709241466,0.33484885886911314,0.19686015923618994,0.1572923196302988,0.1310793717679615,0.015026066772798205,-0.07871011088274535,0.04312142055215615,0.06953619781828731,-0.30587296822826493,0.023359451255824257,0.15395294157250328,-0.09347164182250109,0.26411025949054406,0.24435079597224943,0.18675254151577167,0.3764326892016725,-0.07309745762807056,0.1839475497529165,-0.07907057085889249,0.07233578347654072,0.18112051133829957,,,,,,,,,,,,,,,,,,,,,,,,,,,,,,,,,,,,,,,,,,,,,,,,,,,,,,,,,,,,,,,,,,,,,,,,,,,
0.0773469110597127,0,35,-0.07672050962393422,-0.07885734628704358,-0.301935712758131,-0.24160938061706014,0.11262800395005668,0.2874896886938165,0.06036430289071882,0.22216645277731534,0.2365770406754274,0.08114020201617649,-0.08831116614849137,-0.3132421066079193,-0.22576098225527708,-0.14261641487757806,-0.05766732089496504,-0.06373113311512756,0.4473704418442583,0.19808906896797698,0.1572724386329221,0.37586741536719387,-0.22446716802300964,0.7470821565245019,-0.08953431292318055,0.13996187909085198,0.10467940283208287,,,,,,,,,,,,,,,,,,,,,,,,,,,,,,,,,,,,,,,,,,,,,,,,,,,,,,,,,,,,,,,,,,,,,,,,,,,
0.2799816449475974,0,36,0.08671485273353997,0.1333673121326683,-0.43894063592756477,-0.2992800070732909,0.016055207703163776,-0.013314130795833316,0.1701413090049667,0.14893921585044126,-0.07229420962097298,-0.06661914079649182,0.041277437740236525,0.20073291413747152,0.19642741528642305,0.017130856766173125,-0.02477002001042786,-0.07580342323553838,-0.33930558779473374,0.11338031431068114,-0.205702250131123,-0.026940336309063402,0.1601919468716664,-0.25834643907130145,0.035150181571562314,-0.04948277723060922,-0.09713707223795746,,,,,,,,,,,,,,,,,,,,,,,,,,,,,,,,,,,,,,,,,,,,,,,,,,,,,,,,,,,,,,,,,,,,,,,,,,,
-0.27114738757869156,0,37,0.11261120706700514,-0.04942945541662098,-0.07014778786390075,0.15864638627869973,-0.25962973889643975,0.13283228854456403,-0.08622348244604096,0.10023198722211224,-0.13178410269785096,-0.03212870125185588,-0.2337926244446084,0.08734174544875102,0.004192021687996062,0.13174609788813768,-0.10727890365238267,-0.04248641925740891,0.12849425242572404,0.22774394146230786,-0.13981984255372126,0.15571544270642682,-0.19322269217667776,0.004670347255179136,0.1418335988292248,0.10834177906901915,0.21991255514557506,,,,,,,,,,,,,,,,,,,,,,,,,,,,,,,,,,,,,,,,,,,,,,,,,,,,,,,,,,,,,,,,,,,,,,,,,,,
-0.3156064928946104,0,38,-0.17853041161738945,0.15503131785880034,-0.08355232967115536,0.26256830808825354,0.17813469488102066,-0.3194812135135929,0.08549885273012374,0.20116098754502698,0.09016369996299022,-0.15877716217526855,-0.05107602089116918,0.1491279619728394,0.1540939351136389,-0.18083619547358257,-0.09392418922072907,-0.2708659098826936,-0.03187454567031942,-0.42777589698996904,0.1786010155404239,0.03240322132875134,-0.3654000738976019,-0.22627743277804568,0.05487226018445569,0.004887651075921359,-0.22134640322713503,,,,,,,,,,,,,,,,,,,,,,,,,,,,,,,,,,,,,,,,,,,,,,,,,,,,,,,,,,,,,,,,,,,,,,,,,,,
-0.399557943220009,0,39,0.1478029122678551,0.11657480016400078,0.05461252736169005,0.11452526165189185,-0.005110989227948805,-0.08307128442414509,-0.08021201603250232,-0.30608426167021097,-0.051855731576312646,-0.09016973861465999,0.04432115357076601,0.030729025884761247,-0.1330784448614901,0.08881437628717505,0.22791069925289761,0.1625639365758308,0.40011267455718,-0.23954100565010453,0.4463379060618285,0.40876863572064487,-0.03553454521001457,0.14434009664505326,-0.04355813504466675,0.1910778027634119,0.3521899012689959,,,,,,,,,,,,,,,,,,,,,,,,,,,,,,,,,,,,,,,,,,,,,,,,,,,,,,,,,,,,,,,,,,,,,,,,,,,
0.12298305381423034,0,40,0.2627511920549027,0.04774059724791987,-0.26602402177460865,-0.007358399878013861,-0.16573628983497035,-0.2739499635831815,-0.15127641468169128,0.22546416922719045,-0.12936835128763177,-0.05134090100136815,-0.18195114061144338,-0.14435817169225942,-0.09455311416622278,-0.04050659759372917,-0.06844365064221247,-0.1020590293975424,-0.2412236574301243,-0.03745022446202463,-0.2705154043480837,-0.2804585870579837,0.06937974538462352,-0.1703001544856253,0.12951987669989437,0.1064367749964752,-0.2234579924343006,,,,,,,,,,,,,,,,,,,,,,,,,,,,,,,,,,,,,,,,,,,,,,,,,,,,,,,,,,,,,,,,,,,,,,,,,,,
0.29327804935685764,0,41,0.10407590803937751,-0.14659269429506114,0.04634661117695967,0.14297036389342466,-0.1739416704742011,-0.02482773080462131,0.09064884933176044,-0.20023812608096514,-0.09874004490762385,-0.056290124976822835,0.037247707537768446,6.211915475515289e-05,-0.16944146547654834,0.0653659447471192,0.17863742446181352,0.08947220362219192,-0.2534754301650316,-0.0709976123793562,-0.012820424261928007,-0.28260753968863683,0.09318954007041778,-0.030971569934074135,-0.06431230713710584,0.05788084825465075,-0.20413071925416867,,,,,,,,,,,,,,,,,,,,,,,,,,,,,,,,,,,,,,,,,,,,,,,,,,,,,,,,,,,,,,,,,,,,,,,,,,,
0.12614266072749175,0,42,-0.10034581506352856,-0.2345390788495194,-0.12364508718389607,0.021228043568573694,-0.021191450538324823,-0.1263863018799816,-0.19642250805705333,-0.13634849765864757,-0.09823503274559896,0.06758642977174148,-0.05439945788656828,-0.09272407648956056,0.014299242557147412,0.02380641061289042,0.1510145457127952,-0.22960686371344402,-0.2151210690522454,0.21051694560802256,0.2789153461816258,-0.03661114836815683,0.2172515263511384,-0.16073035072967792,-0.19917697157797135,0.19556805430364566,-0.11387101435436059,,,,,,,,,,,,,,,,,,,,,,,,,,,,,,,,,,,,,,,,,,,,,,,,,,,,,,,,,,,,,,,,,,,,,,,,,,,
0.12121411352436821,0,43,0.14060462624593043,-0.15269340663876574,0.2360101952820701,0.33208325248884113,0.1520460996235318,0.17506963941224146,0.008469371956735052,0.48182442847869317,0.2863675231553302,0.1270964178496737,0.1891049920669138,0.059803492219255815,0.14222348925914496,0.17054912696266766,0.18028722665302827,-0.1439579853044806,0.37126642151365735,0.1978936206807275,0.22865483954445448,0.020240947962922612,0.19398105929917955,0.2468086198670052,-0.10595167120508807,-0.15585847996455618,0.2733038518074114,,,,,,,,,,,,,,,,,,,,,,,,,,,,,,,,,,,,,,,,,,,,,,,,,,,,,,,,,,,,,,,,,,,,,,,,,,,
-0.23646938037499413,0,44,-0.1671840897686734,-0.19920420648236847,-0.14333780441870614,-0.2333342249967812,0.15610786204290705,-0.06290357028344645,0.3647410259367789,-0.08352167611184945,0.038142710260233435,-0.23188460838021357,0.36978456113923347,0.05985914788701298,0.1364091815753404,0.13990546166208742,-0.4901380976028393,0.11659143416520902,0.02951680837512227,0.1377807960031175,-0.03366117018337823,0.1709769536937124,-0.28627462549655414,0.06327491646505745,-0.09067311665380967,0.2070688880003323,-0.03229237237561992,,,,,,,,,,,,,,,,,,,,,,,,,,,,,,,,,,,,,,,,,,,,,,,,,,,,,,,,,,,,,,,,,,,,,,,,,,,
0.2659921165105251,0,45,-0.000639813726406088,-0.15078527814782078,-0.05158476083627263,-0.009348239851438537,0.20596741059014662,-0.30625465334287527,-0.14653209975060452,0.06519004022813481,-0.01115959948627973,0.2234876925762471,0.08566005481829816,0.09804612624209891,0.12091376170205613,0.21951751562352664,0.17253279046384923,0.1511864055049228,0.0794819392699896,-0.266177598678393,-0.08322944355060204,-0.16169065827157286,-0.03647983452234625,-0.08598993496042857,0.010581351143241005,0.08739743362750436,0.00043523732721939426,,,,,,,,,,,,,,,,,,,,,,,,,,,,,,,,,,,,,,,,,,,,,,,,,,,,,,,,,,,,,,,,,,,,,,,,,,,
-0.27885132923314127,0,46,0.17644792873882037,-0.021021741552444635,0.000355978211749311,0.1075379264936618,-0.007489986862920783,0.21948195945474205,0.11983757184743737,0.07715584096308095,0.05406964467168929,-0.23259137789246068,0.2134683045306118,0.08878397014390901,0.03074649886374377,0.2128439413160711,0.03797902763022594,0.14939131250794668,-0.0865947184473099,0.18052048376627824,-0.06929807279313989,0.05457446964300771,-0.2194511464035959,-0.2555845132894399,0.07427457951850241,0.10342090707450786,-0.15496089513177594,,,,,,,,,,,,,,,,,,,,,,,,,,,,,,,,,,,,,,,,,,,,,,,,,,,,,,,,,,,,,,,,,,,,,,,,,,,
-0.4691067058601432,0,47,-0.16273384134685945,0.18714304566786244,-0.3899835000581888,-0.1433260955810076,-0.18389595413279433,-0.061353637255597865,-0.277916982702604,-0.004971716982761157,-0.08879171906103625,-0.39386679841711303,-0.15727700656714827,0.22142823366090186,0.19099771516561587,-0.2674937017362764,0.21338502719636718,0.18879316463062346,-0.0007422644690679631,0.08461806441385876,0.17598492210344585,0.05413768873675095,-0.3832614549945296,-0.24735996517946768,0.18595451531419716,0.1919356898352987,-0.04573677445281792,,,,,,,,,,,,,,,,,,,,,,,,,,,,,,,,,,,,,,,,,,,,,,,,,,,,,,,,,,,,,,,,,,,,,,,,,,,
0.06629181820601285,0,48,-0.051483067729872926,0.03597011212823354,-0.028010577332941065,0.001440547033937461,-0.2760453991778155,0.13198326467024624,-0.03023125301729871,-0.11043014644468602,-0.07503441184292003,-0.11003202475217139,0.2764410584198082,0.07202594967957184,-0.03739954209351259,-0.07524841917725705,-0.0011598182506451307,-0.2684671917473593,0.05386549281982258,-0.08803868773623422,-0.15136319978129514,-0.11112541714190334,0.09857356115376133,-0.16761475238080492,0.1856440443178316,0.13447226217517227,-0.040081175208571816,,,,,,,,,,,,,,,,,,,,,,,,,,,,,,,,,,,,,,,,,,,,,,,,,,,,,,,,,,,,,,,,,,,,,,,,,,,
-0.10099995532117591,0,49,-0.23886908109467667,-0.12237042469713938,0.2013547380761226,-0.43430582069467866,-0.12952215076085102,-0.08683599581195069,0.2912753623966946,0.27047451069441586,-0.10104369255851756,-0.16770546285998808,0.2657332593205048,0.001550391688857173,0.036402644583512764,0.1330510868943042,-0.16832845025989465,0.1064346416457353,0.07777675777124815,0.30277598509828296,-0.07854670658752791,0.2909371516575093,0.016905426981366573,-0.3024675145440555,-0.1763435703825095,0.0842548277991619,0.05629726584889705,,,,,,,,,,,,,,,,,,,,,,,,,,,,,,,,,,,,,,,,,,,,,,,,,,,,,,,,,,,,,,,,,,,,,,,,,,,
0.3275292520847829,0,50,-0.13532385946613695,-0.13914661394571795,-0.3083650978204831,0.007942080662796228,-0.12870178784243388,-0.17185963559261416,-0.03248077924917762,-0.02395050059621831,0.1047315303475815,0.06844924548732803,-0.0018742347239991497,0.10572869022790071,-0.18092044044070474,-0.2805960946029932,-0.09844430286390814,0.10990862858088017,-0.3065974308235583,-0.39279172319886096,-0.1589159601131366,-0.2720240115991415,0.2754747628470682,0.0266585985409045,0.12133237751560598,-0.07967667077994471,-0.10584606893303752,,,,,,,,,,,,,,,,,,,,,,,,,,,,,,,,,,,,,,,,,,,,,,,,,,,,,,,,,,,,,,,,,,,,,,,,,,,
-0.3593712418048143,0,51,0.16787281077128532,0.1805269708132879,0.2731439140594902,0.06854540665447476,0.07583795616465974,0.27230418216176916,-0.19242435049063228,-0.20312592057650153,0.04374876207650958,-0.10959490313718215,0.23026992867310506,0.12386879667990557,0.17491238545591817,-0.029954022618228958,-0.30294183040222755,0.1764181369130592,0.17150394893020424,0.12785881107721145,0.34814448333002274,0.3651878939562046,-0.1380642730395327,0.10474361546966401,0.016234825940646604,0.061077517955168296,0.2735101496508787,,,,,,,,,,,,,,,,,,,,,,,,,,,,,,,,,,,,,,,,,,,,,,,,,,,,,,,,,,,,,,,,,,,,,,,,,,,
-0.1288486265672376,0,52,-0.06265697666515421,0.06022511125001745,-0.016802885804041115,-0.12841148779340913,0.29657599565293313,0.21819429468468537,0.13506125932819135,0.44181278788574424,0.14979316083422992,-0.2158121882580452,-0.003279210073057636,0.17712573013856683,0.03526472502097516,-0.10576835972195962,-0.13992592301189946,0.06011933680907273,0.03477096032132063,0.10864192341316775,0.019602413416264973,0.3133907007506722,-0.14330219244457998,-0.026115569614582487,-0.07850459010085027,-0.16142677727930935,0.17078125529573382,,,,,,,,,,,,,,,,,,,,,,,,,,,,,,,,,,,,,,,,,,,,,,,,,,,,,,,,,,,,,,,,,,,,,,,,,,,
-0.10048909211177948,0,53,-0.10776356371491633,-0.1794969740357418,0.20712808440181413,-0.03705644903780836,0.3231678339042507,-0.12365276465781619,-0.31730264009312026,-0.0030476138099168773,-0.07515442444618566,-0.07792128244670954,-0.3911102333624991,-0.13104967552455693,0.0627804889118329,-0.27377271491313604,-0.08084437551243177,0.12256438417542971,0.006424318663579224,0.03865264859262407,0.09970421815061829,-0.10991525385107555,-0.06445023444894442,-0.1660311131947603,-0.09646178774042212,0.17907796345062746,-0.08297121286317634,,,,,,,,,,,,,,,,,,,,,,,,,,,,,,,,,,,,,,,,,,,,,,,,,,,,,,,,,,,,,,,,,,,,,,,,,,,
-0.09212131589036836,0,54,0.05887928416014471,-0.09010191578439725,0.11497613829910229,0.14590525217525238,0.12031261161027383,-0.05012485479582653,0.17303086474987403,0.10390059012800812,0.011648351002996613,-0.2525972336404952,0.04593915000492544,0.009925228422787707,-0.2231532255887024,-0.16362933023140694,0.09528194495714336,0.18382524036090953,0.3085356250834516,-0.08823901359194242,0.22224701683666903,-0.14584259608067976,0.062261043954587834,0.11890865053825855,-0.07211418000711368,-0.1659758534256508,-0.09373332634711506,,,,,,,,,,,,,,,,,,,,,,,,,,,,,,,,,,,,,,,,,,,,,,,,,,,,,,,,,,,,,,,,,,,,,,,,,,,
0.02080312840898196,0,55,-0.17830066386754037,0.07884897388796347,0.08064687574609893,-0.14483451673125344,-0.15715125120469434,-0.061543497468549514,-0.1903010899457252,0.07178152899691517,0.12232617274713442,-0.05284081168915916,0.06518791517606878,-0.0428089725578681,0.18206688330487678,0.13039763482521166,0.08887279001428523,-0.08151495454311691,-0.28547239183258255,0.20431495764983523,-0.1375252077151362,-0.1279673550204681,-0.0015959503902842134,-0.15781916450636901,-0.21388215307436817,-0.02304126952980971,-0.08783347282075911,,,,,,,,,,,,,,,,,,,,,,,,,,,,,,,,,,,,,,,,,,,,,,,,,,,,,,,,,,,,,,,,,,,,,,,,,,,
0.08608403427077123,0,56,0.01334551276227625,-0.04042474497620503,-0.18346736488735516,-0.016907121118895904,0.10179895384015557,0.06536376635627292,-0.024377083743793142,-0.10934716932466364,0.06808539012558598,0.14428905955110283,-0.12961233432510608,-0.2896450679088144,0.055865531000249394,0.11344113987717075,0.1839547804494069,0.00963993235435469,0.01930294377358344,-0.10246708817489844,0.025034984302362895,-0.0010944677835269076,0.09720286177837152,-0.20362840643770913,-0.12385910822651061,-0.09139719547840268,0.02469637368370877,,,,,,,,,,,,,,,,,,,,,,,,,,,,,,,,,,,,,,,,,,,,,,,,,,,,,,,,,,,,,,,,,,,,,,,,,,,
-0.028456288559473207,0,57,-0.14803702449463196,0.03492025887847329,0.05469845919976209,-0.05760535164350485,-0.20566441122437473,0.0802754920772904,-0.21598378635057525,-0.1213020166838373,-0.03975593168085355,-0.0035105844843641614,0.05593901356351193,0.1600777875167404,-0.29292204228656743,-0.19229063749978836,-0.12162604596484893,-0.03180887531002234,-0.0788141134114642,-0.013372342446531961,-0.4234039568068075,-0.12023849907648268,0.14535514642991065,0.07410015458622964,-0.31581296670780906,-0.10579548458963753,0.09802825881608808,,,,,,,,,,,,,,,,,,,,,,,,,,,,,,,,,,,,,,,,,,,,,,,,,,,,,,,,,,,,,,,,,,,,,,,,,,,
0.30248663291863237,0,58,0.04352976541639159,0.20530505250295952,-0.20712642663833733,0.025287142211118212,-0.22205530530035555,0.005380748142976987,0.13918813422972554,-0.10293030578619886,-0.21411377066381745,0.036290193308706045,-0.058390292520786126,0.043963960208070904,0.1201862558168469,0.00896657011500377,0.058287794843247205,0.07123363082284741,-0.06623384943557149,-0.2736397297387759,0.039820275029542135,-0.12794439782230646,-0.004142244086464043,-0.10114224143394714,0.20684747968700434,0.03835861193006787,0.08668783465563683,,,,,,,,,,,,,,,,,,,,,,,,,,,,,,,,,,,,,,,,,,,,,,,,,,,,,,,,,,,,,,,,,,,,,,,,,,,
0.029883042932134778,0,59,0.10348055603635734,0.15896291494813683,0.07414182691597988,0.20443154203990913,-0.029302169778668466,-0.021346610518811347,-0.10539409106113856,-0.03899202913725455,0.08760632966407893,-0.07140388865219825,-0.06486689542765495,0.11537991519795533,-0.19692488858530813,0.13648111063280813,-0.09856259002124514,0.08130041063267732,0.004028190595408744,0.01125275816833347,0.04616659318233925,0.12217017100737101,-0.23941676500485598,0.13778095047011274,-0.020827071650462298,0.025028141381379803,-0.07423845269474345,,,,,,,,,,,,,,,,,,,,,,,,,,,,,,,,,,,,,,,,,,,,,,,,,,,,,,,,,,,,,,,,,,,,,,,,,,,
0.07195739334189424,0,60,-0.19945186964996287,-0.15632953207666023,0.10209326880817876,-0.11941074294874864,-0.2234296252357535,-0.0887550286489246,-0.07335874010944383,-0.12776031269136687,0.06492292048507259,0.12803910203999969,-0.0004038568526764302,0.02877194969105568,-0.24537410504114615,0.07492829699786865,0.024246782755387632,0.03702479740356014,0.13577555707761038,0.19666240564087997,0.11277964310263579,0.10814782739141263,-0.2869571062518679,-0.08445423188641732,0.18609121815037546,0.18075563709565623,0.012318846401294246,,,,,,,,,,,,,,,,,,,,,,,,,,,,,,,,,,,,,,,,,,,,,,,,,,,,,,,,,,,,,,,,,,,,,,,,,,,
-0.025091710877449134,0,61,0.024949892098506014,0.06006161842634399,0.042975948021608236,-0.31169317632924626,-0.05787460718596159,-0.06777976810807432,0.12207130510415143,0.18207852115856546,-0.12424587919170917,0.2762637472531125,-0.20169596221789787,-0.4603317755962414,0.1733906048637283,0.21597259979371344,0.1631771005162371,0.1333398046309397,-0.2739524755750554,0.12955638105007045,-0.1476882722912523,0.040330393438695065,-0.016805804482657873,-0.2583034896148394,0.11373652947979289,-0.012405478890437159,-0.02292018291592053,,,,,,,,,,,,,,,,,,,,,,,,,,,,,,,,,,,,,,,,,,,,,,,,,,,,,,,,,,,,,,,,,,,,,,,,,,,
-0.06959527363306502,0,62,0.17254890407819973,0.03716243581775462,0.30275825548191937,0.1973294576296522,-0.016658112415826674,0.2060975016862135,-0.20417947536274528,-0.16202871558282875,0.020134792529497188,-0.015505564175753234,-0.22486640703962343,-0.05109727471517196,0.08723251311296217,-0.3446863940670212,0.1924842506160934,0.04375078110857912,0.10362657358613028,-0.26216832063399764,-0.09745411028415661,0.09360993582696471,0.05100033026625514,-0.0071816642666411275,-0.016346967622230056,-0.02497567469267515,0.11440199232907558,,,,,,,,,,,,,,,,,,,,,,,,,,,,,,,,,,,,,,,,,,,,,,,,,,,,,,,,,,,,,,,,,,,,,,,,,,,
-0.015457356707152939,0,63,-0.05022775908187374,0.1502329248830204,0.0892327774971862,-0.07254302358554443,-0.18294319968715997,-0.30118765815635845,-0.015534748244041871,-0.12963836573708382,0.05383748967628203,0.2885336950557165,0.17816002978943565,-0.10183012164702744,0.09491473414599495,-0.09371123083013944,-0.38219354495024294,0.12253028493220149,0.053801950188945465,0.026018872799858584,0.05291383289656239,0.030613968884349106,-0.06340536801549321,0.06192981837444038,0.1162781841938093,0.15916565249827008,-0.10088151717401594,,,,,,,,,,,,,,,,,,,,,,,,,,,,,,,,,,,,,,,,,,,,,,,,,,,,,,,,,,,,,,,,,,,,,,,,,,,
0.2703818460633103,0,64,-0.18216091252151267,-0.3173505266622464,0.0841923506442791,0.18274927667467028,0.1994741421254385,-0.14607494317629202,-0.029765694389195144,-0.17255497118146745,0.06781133632076541,-0.09167655981179927,0.15255376664591636,-0.012640190869514747,-0.04516569917395786,0.17274695093622164,-0.059523853219971376,-0.02802958374368992,0.20965634149835022,-0.2597574811133424,-0.13846672356099984,-0.08224284739831993,-0.011996343463425907,-0.23940989372071556,0.0870020269666139,0.05341988085208461,-0.19666755865172214,,,,,,,,,,,,,,,,,,,,,,,,,,,,,,,,,,,,,,,,,,,,,,,,,,,,,,,,,,,,,,,,,,,,,,,,,,,
-0.3375290374839371,0,65,0.13874782935231192,-0.16867624205601464,-0.3132118863884487,0.04146487600209308,-0.14035304852503983,0.26184365336058546,0.18163184238897553,-0.1841223110206367,0.015532610271927892,-0.31169234290212317,0.24999777566668765,0.07529650120430169,0.07140606812716706,0.20994020812855765,0.05654884259065788,0.07328290736125725,-0.13721041492124944,0.08837036734800266,-0.07111088362406306,0.318564705401353,-0.32933076824945007,-0.06974785773144436,0.038194452609190174,0.10183768223071946,0.22288515613547472,,,,,,,,,,,,,,,,,,,,,,,,,,,,,,,,,,,,,,,,,,,,,,,,,,,,,,,,,,,,,,,,,,,,,,,,,,,
-0.13208208217795964,0,66,0.02299181317781889,-0.11233520789480625,0.1421859825624423,0.1294732175297121,0.2346421206568703,-0.12481155702212257,0.007616818287109449,0.09365831657107392,0.04808696349249266,0.029076458519418587,-0.10478120321467627,0.0013149186551876194,-0.008843208818239839,0.06516627819001797,-0.09039603217536304,0.21290405109407304,-0.2916992236659028,-0.16413673997521286,-0.08514025269318973,-0.04883444451291643,0.1175281457724748,0.05903747061779974,0.00707155211895292,-0.029101315294194022,-0.17661026977330554,,,,,,,,,,,,,,,,,,,,,,,,,,,,,,,,,,,,,,,,,,,,,,,,,,,,,,,,,,,,,,,,,,,,,,,,,,,
-0.1784054166557506,0,67,0.02887935258505423,0.02496115490703219,-0.00019207411211349544,0.006230618700536948,-0.1396608791946752,0.29046800531005734,-0.16271672778318494,0.06823679860301976,0.2791100753858653,-0.18823700305840826,-0.20588845245779963,0.07595935738529087,-0.006906827044666982,0.11974411444144782,-0.10506807933730308,0.10750290191623184,0.27427698600929856,0.005398589559542041,0.14250406323272155,0.242994147450488,-0.24100838468997068,0.09254059276847909,0.09785587183484032,-0.009421530713319446,0.29307377651982497,,,,,,,,,,,,,,,,,,,,,,,,,,,,,,,,,,,,,,,,,,,,,,,,,,,,,,,,,,,,,,,,,,,,,,,,,,,
0.06992408125095856,0,68,0.16878840448231885,0.06946608587879319,-0.20910740712040432,-0.10328685848868883,-0.11850215472414592,-0.026780758764872528,0.11936894941276709,0.11244722190886501,-0.09232461239163327,0.3030001331566433,0.16524594363696496,0.01044167192484025,-0.12105531432565271,0.177730043005648,0.01537629309702639,-0.03019419784623104,-0.04165978476280317,-0.32673889958720326,-0.2374335871695817,-0.3552004015098949,0.07489226111821655,-0.02586529097333856,-0.09333465456621422,0.07481212830819924,0.08983220665338805,,,,,,,,,,,,,,,,,,,,,,,,,,,,,,,,,,,,,,,,,,,,,,,,,,,,,,,,,,,,,,,,,,,,,,,,,,,
-0.032606022099241086,0,69,-0.03106118636900758,-0.012809123246612932,-0.2193569478514158,-0.302411387403102,-0.21701210731844692,-0.39659705125738254,-0.20331539246556762,-0.01671735905455237,0.16085095641638264,0.05865281202124724,-0.12117013921678847,-0.25252340140755586,0.1925336099678672,0.13264056734928595,-0.11987150128351069,-0.032024399451846784,0.1663408968671929,0.09161805433017509,0.01576409957047996,-0.046014416702027286,-0.09128488833626411,-0.025623785820990043,-0.15822369132132927,0.004515714729297325,0.11645508285320755,,,,,,,,,,,,,,,,,,,,,,,,,,,,,,,,,,,,,,,,,,,,,,,,,,,,,,,,,,,,,,,,,,,,,,,,,,,
-0.128342743253599,0,70,0.1376919783889721,-0.18059315048181826,0.027282583156738135,-0.12048411397049365,0.14836038025073844,-0.12902874603612854,0.03883943163994438,0.137257664748489,-0.1819299389090086,0.06488035986577699,-0.5439653161152483,-0.22619247297402303,-0.17240060892749512,0.28389111847918097,-0.07906150521739296,0.20232066582909508,-0.3314666940539343,0.1219921349700971,-0.05734476096289895,-0.269158256122226,-0.005038007625173385,0.11255633920370774,-0.07351469580353218,-0.022263953547558658,-0.028425674495947746,,,,,,,,,,,,,,,,,,,,,,,,,,,,,,,,,,,,,,,,,,,,,,,,,,,,,,,,,,,,,,,,,,,,,,,,,,,
-0.20275458525769535,0,71,-0.13784759717330822,0.17551384026412797,-0.07148627799704697,-0.2529647831933003,-0.007520090611963586,0.07583861792159999,-0.0035979601028867164,0.17166808434267694,-0.05218305923353373,0.10563905241914372,0.20649440036324984,-0.05715000973390789,0.0925377834603766,-0.09021677712528986,0.046663928686037776,-0.23520003021373756,-0.025494404932875248,-0.10238685383537872,-0.07457429640346402,-0.15960983927043115,-0.06679194968026823,-0.10329762958442748,0.14666069875576637,-0.21306146652791394,0.1518751098920361,,,,,,,,,,,,,,,,,,,,,,,,,,,,,,,,,,,,,,,,,,,,,,,,,,,,,,,,,,,,,,,,,,,,,,,,,,,
0.05200287170179726,0,72,-0.07175805702666682,0.04640139925680238,-0.10256911264012705,-0.11214636639059239,-0.18220374653243823,0.012095894475634155,-0.007444081931610704,0.1524778211485099,0.00950797000082902,0.10414460391422578,-0.04011597065514892,-0.11951847871945825,-0.19245324384157245,-0.1729783005141917,-0.2493977239923167,-0.13273645053833147,-0.4054744770857099,-0.2844348611361435,-0.4229800701019277,-0.2863864926930989,0.11869262849808226,-0.09447778918463653,0.21396117301688847,-0.009737369061561049,-0.1275062570729639,,,,,,,,,,,,,,,,,,,,,,,,,,,,,,,,,,,,,,,,,,,,,,,,,,,,,,,,,,,,,,,,,,,,,,,,,,,
0.14487029476706198,0,73,0.17104343042789033,-0.06976277179689855,0.23501717004454628,0.1579191204722451,0.11534680979991636,0.14945803415288475,0.057841393185700425,0.0008948520807644215,-0.09125688283635731,0.11057898429543192,0.109923287726275,-0.10295157369265175,0.018778793752565158,-0.17533407102334023,-0.15220444415141426,0.05387577298312653,0.17561845248906477,-0.16002823658351129,0.09506044045693476,0.10740921809707195,-0.08612622030008281,-0.2675567164745441,0.03678420082526566,-0.26715805199932474,0.22696962718360683,,,,,,,,,,,,,,,,,,,,,,,,,,,,,,,,,,,,,,,,,,,,,,,,,,,,,,,,,,,,,,,,,,,,,,,,,,,
-0.2237719808503881,0,74,-0.09374206723764852,0.03670232690713415,0.2878172187491378,-0.11207461663005867,0.4090921076346627,0.18594914225602407,0.11819953431701816,0.36070685666112373,0.12630892666990812,-0.20272971600025383,0.1579007280658945,0.08726955822728047,-0.008617910962492393,-0.20815708674508532,0.009809199415616598,-0.20496415541303747,0.2621629494272727,0.28405884416896293,0.14512473279407018,0.06619469803051754,-0.26933521402261645,0.3060907034500952,0.0026228120836280866,0.0664487785028578,0.2333729912463287,,,,,,,,,,,,,,,,,,,,,,,,,,,,,,,,,,,,,,,,,,,,,,,,,,,,,,,,,,,,,,,,,,,,,,,,,,,
0.040893894728978045,0,75,-0.15538836223410807,0.09829164568711793,0.18043493541331201,-0.023942099498717066,-0.08253832566067978,0.08363000306515304,0.18119059957760006,-0.033678057769671664,-0.16137663893784604,-0.16230309342581217,-0.08554919894168708,0.10738080947079834,0.04817255126630579,0.20670695527683358,0.004186510293957443,0.12231701571234796,0.2388343602224761,0.2693343962792048,0.2233141501255875,-0.0024229413403566284,0.05154455798793514,-0.1634843643290287,0.11991751582509001,-0.16098922172151783,-0.07664059435381788,,,,,,,,,,,,,,,,,,,,,,,,,,,,,,,,,,,,,,,,,,,,,,,,,,,,,,,,,,,,,,,,,,,,,,,,,,,
-0.2553768599782842,0,76,0.4506489911407776,0.05059219564647452,-0.1873470472331868,0.013646538074672308,0.08410167556618289,0.047745191452513346,0.2368022220374119,-0.40789475970854067,-0.3086044801250817,-0.223390556528845,0.04232060500789845,0.03592016619512138,0.03763729679598144,-0.1743965393615798,0.047514553157478975,0.04282456718464381,-0.04143291640776204,0.03819162450655329,0.018018427479904044,-0.06441642437470564,-0.30792712358469443,-0.12643608113899743,0.028688966219843768,0.04076089526711476,0.008532663370011993,,,,,,,,,,,,,,,,,,,,,,,,,,,,,,,,,,,,,,,,,,,,,,,,,,,,,,,,,,,,,,,,,,,,,,,,,,,
-0.3664663773437408,0,77,-0.03823664968995075,0.11834373350323858,-0.3015367767481504,0.029931687840050493,-0.07826038394274958,0.011611070997555402,-0.1462598497035542,-0.19297949068936934,-0.23040880712890713,-0.14246517425068414,-0.09070195404641762,0.12036520974151063,0.09693262911417115,0.08295254864047802,0.11061456340512532,0.13405379923725025,-0.0012535416218047459,0.013993597003992896,-0.156912989088558,-0.23406551871723824,-0.19670974820423892,-0.02936002553274705,0.10990571231211003,0.12451998227016199,0.07432230237402904,,,,,,,,,,,,,,,,,,,,,,,,,,,,,,,,,,,,,,,,,,,,,,,,,,,,,,,,,,,,,,,,,,,,,,,,,,,
-0.28621187720595637,0,78,0.09285656832944786,0.060463039152898364,-0.20753208091694428,0.07743730421172308,-0.1076796849921669,-0.03787008604859452,0.039665060303252044,-0.027993227228836806,0.2018369851176778,-0.19306084735440154,0.07945545820346499,-0.04219148146097124,-0.1363332870365585,0.2368900270279661,-0.0004235402312648733,-0.2379265147230109,-0.025515258716853388,0.1474657608394065,0.15068243644251186,0.21134723807698294,-0.17326687689291925,-0.08893524710099751,0.17333088954418288,-0.12438469364712353,0.05156364131208737,,,,,,,,,,,,,,,,,,,,,,,,,,,,,,,,,,,,,,,,,,,,,,,,,,,,,,,,,,,,,,,,,,,,,,,,,,,
-0.2391543203305083,0,79,0.12564619586645046,-0.046768686898523856,0.13364938160809367,-0.17902508897437905,-0.03539587263269001,-0.12523843552866198,0.07696495963134135,-0.17746502204692102,0.1806459993137059,-0.011989706212296503,0.03768226819145364,0.16322891460881525,-0.026826734761356646,0.07367678551474549,0.028946569798483906,-0.1847502724558115,-0.24674379112331174,0.1843848139434914,0.0013678643308483347,-0.04532142865606576,-0.17380783396445373,0.090471844740654,0.17492531379333873,-0.0779238749434973,0.1105351615703556,,,,,,,,,,,,,,,,,,,,,,,,,,,,,,,,,,,,,,,,,,,,,,,,,,,,,,,,,,,,,,,,,,,,,,,,,,,
0.07612879852258025,0,80,0.1574079858731148,0.09325840272074845,0.07396526779914946,-0.029147232532899643,-0.19024365001669127,0.07512921726343454,0.07972275380520405,-0.11809550020882399,-0.1873053878623299,-0.06313415505273733,-0.026229660432231745,0.0611949834114623,0.1256725974750153,-0.09681587708809548,-0.07736588180142448,0.03947722192422484,-0.2600019614633681,0.12297952249024503,0.04466040355873711,-0.20307357987112773,0.16802097982588582,0.05355645463478633,0.060807301140952265,-0.16418631662035718,-0.26236584651049194,,,,,,,,,,,,,,,,,,,,,,,,,,,,,,,,,,,,,,,,,,,,,,,,,,,,,,,,,,,,,,,,,,,,,,,,,,,
0.015928082349445566,0,81,0.05129891874666989,-0.23502739324840008,0.15938959746703663,0.04653624894126102,0.11620110277943282,-0.0018369336148578122,-0.00496107200852938,0.20369771135967268,-0.15798923102050355,-0.27273456911988075,0.10053184488815872,0.019039092823409858,0.028607407004427318,-0.05697796324125548,-0.19512614371738812,-0.05136771562652066,-0.10416716577262658,0.2836606129177173,-0.059277105168953174,0.1995359790864692,-0.08831581005147976,0.12874456390618227,0.1428327870309228,0.1906028771982725,0.09564099685599417,,,,,,,,,,,,,,,,,,,,,,,,,,,,,,,,,,,,,,,,,,,,,,,,,,,,,,,,,,,,,,,,,,,,,,,,,,,
0.00973973101757637,0,82,0.10398467276571914,0.09832961227737652,0.21135441868795093,0.35937167016128696,0.1964635123204625,0.19735167280269242,0.022715326682766865,-0.07592511080989311,0.12774042749735726,0.0710651421291023,-0.006712997826206097,-0.12946521492456778,0.018278934314967445,-0.03595075850827548,0.1870243390299327,-0.14544466335775613,-0.04038157517902516,0.06149061405560081,0.14173045030194611,0.33340214803048307,-0.22596767139328983,0.06232141875773866,0.09897936699568832,0.0440558654824331,-0.08575020805854121,,,,,,,,,,,,,,,,,,,,,,,,,,,,,,,,,,,,,,,,,,,,,,,,,,,,,,,,,,,,,,,,,,,,,,,,,,,
-0.0004182239259445116,0,83,-0.04076346408580316,-0.1546083019173445,-0.2097971671577559,-0.12536586656496784,-0.018886929761254286,-0.18186832025213254,0.1647382981005805,0.1632702556549919,-0.016631524225048107,-0.05009987171358968,-0.08724326252458077,-0.060473183581972144,-0.12401975179064707,0.2557479240747086,0.10748642973917778,-0.04877867523201012,-0.2938108942065287,-0.12031632307197973,0.06838904514247665,0.13069880371352746,0.05057788340180201,0.08088590021684296,0.11762175575075265,-0.03805836413917442,-0.10312235856425878,,,,,,,,,,,,,,,,,,,,,,,,,,,,,,,,,,,,,,,,,,,,,,,,,,,,,,,,,,,,,,,,,,,,,,,,,,,
0.07599006387397593,0,84,-0.0530858930496875,-0.037921097025508096,-0.2028326985329273,-0.16249147907678502,-0.046540272763510845,0.045039699855815074,-0.013752448528574355,-0.036660540501612875,0.011252231980150556,0.03504109663590445,-0.10198419057340509,0.16574574306343462,0.08828944129047338,0.10851255406193674,0.1879087050964239,0.04911102611263538,-0.21538902861807138,0.06021255142932207,0.03099846489910399,-0.04128566884384905,0.014821372159195429,0.008592872753650192,0.15987237493149065,-0.17624547706799382,-0.07912020650624203,,,,,,,,,,,,,,,,,,,,,,,,,,,,,,,,,,,,,,,,,,,,,,,,,,,,,,,,,,,,,,,,,,,,,,,,,,,
0.06664647555148057,0,85,0.17791463859775586,0.1315930191134564,0.17737338987753345,0.15575612602356753,0.14330897748766258,0.11024578487060374,-0.01076806517352165,-0.0459693209866092,0.0936964332774665,-0.03942304050571664,-0.04126744285412663,-0.07344599103008326,-0.05025726377966458,-0.3209836696524749,-0.14296152045997274,-0.06809618053014567,0.44205140858003694,0.30931115814279536,0.4876037891526068,0.1475518912036217,0.01856681905318796,0.08886735444898992,0.20364460520061023,-0.06707373646182549,0.001365056138831621,,,,,,,,,,,,,,,,,,,,,,,,,,,,,,,,,,,,,,,,,,,,,,,,,,,,,,,,,,,,,,,,,,,,,,,,,,,
0.05157317200188275,0,86,-0.06793184826221572,-0.1723171009170408,0.11552861804851977,0.19602375863210103,-0.009590069451284827,0.18579278261933457,0.09779555940592373,0.21241647828895002,0.0856049255125788,-0.08507446516723009,-0.22059217227849393,0.16342803475185858,-0.07894798120875998,-0.07185050739509434,0.18765996098432347,0.1973113913521123,-0.12476329587037303,0.14018196018459306,0.13520154046534075,0.27351329913208755,-0.21648877810200404,0.1970795647909099,0.17989621323685395,-0.03994743607022983,0.008213475645458625,,,,,,,,,,,,,,,,,,,,,,,,,,,,,,,,,,,,,,,,,,,,,,,,,,,,,,,,,,,,,,,,,,,,,,,,,,,
0.03881193054542373,0,87,0.18490503497405122,0.05036339019444363,-0.05430691692448825,-0.10594499389584697,-0.2862573549494487,-0.16957522586557552,0.08476161572435179,0.049766447458177224,-0.16141743457226368,-0.06758554317278666,-0.038843668981495605,0.17111665095842604,-0.04213807696043038,-0.00912962159914759,0.18993735106966714,0.1818303605075249,-0.26183327080403124,0.04681523682218746,-0.09278972100288349,-0.2664577529915386,0.2685662712428952,-0.06523523771282842,-0.03627610565220819,0.19857590696308247,-0.2012405536351556,,,,,,,,,,,,,,,,,,,,,,,,,,,,,,,,,,,,,,,,,,,,,,,,,,,,,,,,,,,,,,,,,,,,,,,,,,,
-0.14451698864465423,0,88,0.02956566138049834,0.024917235139739456,0.031750531483826866,-0.3523752969759266,0.21902899887912303,-0.14961705141055104,-0.21017883850804714,-0.1980260929118057,0.0168896468072059,0.22814644768358402,-0.5764379207783882,-0.47895629396563993,-0.03632573160989863,-0.2881474881563763,0.04172319667662066,0.19248178459264925,0.09116588708042526,0.16737130325032354,0.12463916144891536,-0.2765524888372659,0.08358511487719848,0.013641593415468828,-0.3086653427956306,0.11190480969166218,-0.18616862220771124,,,,,,,,,,,,,,,,,,,,,,,,,,,,,,,,,,,,,,,,,,,,,,,,,,,,,,,,,,,,,,,,,,,,,,,,,,,
-0.31942760061005593,0,89,0.017456008724777955,0.18519601401755711,0.13497652702905888,0.11020036967194066,-0.05155123669862476,0.25470729854234625,0.059824012032278676,0.16694545340458322,0.12534810092285528,0.07596900915000514,0.10062104654077288,0.0896115938030421,0.13398752399665093,0.16845277983147186,-0.05870875742854998,0.10887527638989346,0.2900749154365326,0.34053445653878983,0.10597676798056865,0.014477314751499572,-0.1204325585685888,0.00970066177895829,0.14131125237039543,0.04479625692757955,0.08928617431673194,,,,,,,,,,,,,,,,,,,,,,,,,,,,,,,,,,,,,,,,,,,,,,,,,,,,,,,,,,,,,,,,,,,,,,,,,,,
-0.006241462152536746,0,90,-0.47855086749348497,-0.2135405048481452,0.16091707189875873,-0.028199066918237873,-0.3689066243956413,0.035756955448129325,-0.5827002910524964,0.3273705249012143,0.14690454265489117,0.024119389753788936,-0.06812115676327661,0.1412434605365133,0.13618788011671945,0.10627506491786237,0.06039710291488969,0.06535862197693844,-0.040332159153941984,0.346683194363258,0.06386219737347995,0.11456991932357855,-0.2157722116832673,-0.2601420119504427,0.06293643242349278,0.07500896621331542,0.07004538382983791,,,,,,,,,,,,,,,,,,,,,,,,,,,,,,,,,,,,,,,,,,,,,,,,,,,,,,,,,,,,,,,,,,,,,,,,,,,
-0.057990221670908795,0,91,0.19143447191495092,-0.22906894271476283,0.07992392968413337,0.05415726003269169,0.10373854336641823,0.06741572845977263,0.05318092628941873,-0.05856801671742923,-0.04891930038629012,-0.04693802008117381,0.20031646334742767,-0.35346341823283794,0.16922902055322067,-0.08149834140691235,-0.033767307045860166,0.08028387081641859,0.09102181042959129,0.029754142683091282,0.15881785662761286,-0.08796600522948525,-0.09300914419832824,0.0016616362299402784,0.03600803671576668,-0.1310634965499734,-0.15741083043352028,,,,,,,,,,,,,,,,,,,,,,,,,,,,,,,,,,,,,,,,,,,,,,,,,,,,,,,,,,,,,,,,,,,,,,,,,,,
-0.12613223256252704,0,92,-0.06260431023521264,0.09672776216076813,0.1053699355585752,0.1183169251292316,0.028370240572969618,0.1703245532116603,0.07439951069393932,-0.12893729754768377,0.24484319144102037,-0.10432977009025109,-0.16875638723985337,0.1709171184274755,0.10611065327667418,0.08829373799627552,0.007346003590617244,0.012329123474181636,-0.2895327532461841,0.3077715907822888,0.08793767124458325,0.029836181924701,-0.12987882646664475,-0.2638455781436248,0.11825370402936794,0.052411467997426894,-0.08813685359729631,,,,,,,,,,,,,,,,,,,,,,,,,,,,,,,,,,,,,,,,,,,,,,,,,,,,,,,,,,,,,,,,,,,,,,,,,,,
-0.04976270356253635,0,93,0.03768665889125841,0.09990064456586784,-0.19328068076738145,-0.38933833296996895,-0.27427811009818515,-0.26936989258065647,-0.2060023210519545,0.027288082513073842,-0.025205840734177667,0.01492021743092164,-0.018086251812782558,-0.12055003604798306,0.1333937067774524,-0.1640185619862895,-0.02479835994472055,-0.0871606103143756,0.0033691315767578884,0.10513479208484591,-0.31441749711337763,0.02649860591558383,0.2955629882916059,-0.0844510285464666,-0.17253129885522356,0.10373649099123629,-0.10423136577582788,,,,,,,,,,,,,,,,,,,,,,,,,,,,,,,,,,,,,,,,,,,,,,,,,,,,,,,,,,,,,,,,,,,,,,,,,,,
0.2757005876644622,0,94,-0.009453844851434539,0.18648878784755415,-0.14190856741982577,-0.10446831473448155,-0.19568949332345892,-0.21902719435071075,-0.12056787401402437,-0.10795798750513957,0.07304100056521476,0.14657684213324312,0.10417399211841695,0.14448931984789126,0.040615783823342924,-0.06941870691650005,0.19557473372922157,0.03426005094626129,-0.258628066463499,0.051992299251877976,-0.3384038927657535,0.007809306131177042,-0.03712739558453902,-0.14449111592346184,0.16947576899558667,-0.09980131698100765,0.07790894493896099,,,,,,,,,,,,,,,,,,,,,,,,,,,,,,,,,,,,,,,,,,,,,,,,,,,,,,,,,,,,,,,,,,,,,,,,,,,
0.08935496922964495,0,95,-0.025780206325547422,0.17304520139598045,-0.25290985445827835,0.039894974372118176,0.10402300725952161,-0.2735262710803706,-0.12009452742162498,-0.004569339355483739,-0.1792233216737438,0.29331891716983943,-0.06995417318388893,0.10606453881150668,0.16837613549063576,0.14359453262370311,-0.03329630986462181,-0.017834432044150375,0.024374266470668628,-0.17743148433857928,-0.03151020421866742,-0.17119425405258482,-0.006933737648217308,0.03935366638376684,-0.1728727034706133,0.01801164745068894,-0.1305927027538235,,,,,,,,,,,,,,,,,,,,,,,,,,,,,,,,,,,,,,,,,,,,,,,,,,,,,,,,,,,,,,,,,,,,,,,,,,,
-0.10359503311671878,0,96,0.18107909403212633,-0.17481398017524483,0.07334794405754785,-0.027761511809227056,0.22013569603179667,-0.11916335905626915,-0.06117792452510246,-0.1394629348299366,0.21320620353883385,-0.19490647787734897,-0.28954742282679696,-0.02235700102459633,-0.03418329098353564,0.2663541977012147,0.21478341991577032,0.18080238709838395,0.1461674711484477,-0.007083444516107733,-0.023275476587796277,-0.317812713141209,0.01604460528819485,-0.2780285002104493,0.061759172639454345,-0.08686768956291814,0.08726533403656564,,,,,,,,,,,,,,,,,,,,,,,,,,,,,,,,,,,,,,,,,,,,,,,,,,,,,,,,,,,,,,,,,,,,,,,,,,,
-0.015117680323996482,0,97,0.11912492214962124,-0.09948394423549416,-0.3578295443297227,-0.08047606405656406,-0.08265030041072521,-0.028568654407097424,0.22713512390882926,-0.0764996721609197,-0.01020639392900076,0.15052656852113513,0.0878685286719679,-0.026940438899491374,0.046738738980325496,-0.14225844132962073,0.07760245912757911,-0.03435956276160868,0.1539133251929132,0.13611949620499958,0.3220708690216579,0.16070997824850472,0.1496520679826795,-0.0028324089340721424,0.054375376488451005,-0.2538472921553676,-0.04944585440546538,,,,,,,,,,,,,,,,,,,,,,,,,,,,,,,,,,,,,,,,,,,,,,,,,,,,,,,,,,,,,,,,,,,,,,,,,,,
-0.15481869249163174,0,98,-0.40825275097619057,0.10246675537021478,0.08145688116938055,0.11948523980072022,0.3910239768676397,-0.11595513938010266,0.002990671968768196,0.28576481897801687,0.29113856012775235,-0.23136352668368088,0.06222936984913129,0.10245125911022772,0.09974954016370248,0.10510403145713529,0.1064816898986932,0.1044286301242812,0.05331671008537295,0.12477237034823084,0.23511403881142515,-0.16022583366608864,-0.2556332979598378,-0.26021434587534287,0.12347251876477663,-0.12091681152447953,-0.009368365563217343,,,,,,,,,,,,,,,,,,,,,,,,,,,,,,,,,,,,,,,,,,,,,,,,,,,,,,,,,,,,,,,,,,,,,,,,,,,
-0.17344183959867093,0,99,0.010326276098188043,0.1899113051692214,-0.1382382340530195,-0.046479544637653386,-0.2718400543574661,-0.21550407886547843,-0.15598713992944674,-0.010557265100846452,-0.15534495259173867,0.15983204135687812,-0.09029709432416566,0.13623046746866024,-0.22714668044037079,0.2597756846169621,0.17158267673686173,0.19226592696067737,0.027744846953596018,-0.1048837497382456,-0.03939103517954266,0.12660634948373634,-0.03595465436408053,-0.04514115273376984,-0.05756983912643956,-0.0437419124894423,-0.1253658051563683,,,,,,,,,,,,,,,,,,,,,,,,,,,,,,,,,,,,,,,,,,,,,,,,,,,,,,,,,,,,,,,,,,,,,,,,,,,
0.22166987204060062,1,0,-0.1119135295614124,-0.13975936132465824,-0.15568778636488723,-0.7003006994908858,0.040512662723046204,0.17975952199674594,0.1927423961689355,-0.08058470540785678,0.1229678882892652,-0.17994000456709253,-0.27147303562006864,-0.2245014274380561,0.16210385243218367,0.15476037141815752,-0.2000719153838927,-0.11122931546689824,0.07746755599598228,-0.19366662425579728,0.13578922959566736,0.07181936261348384,0.11284137133842907,0.11207120363558351,0.2743781136587641,0.04287818180194681,0.2811535502890918,-0.06353543479364414,0.0896592226585883,0.2005849654797333,0.21608243737850838,-0.1593726179663698,0.06942460298184928,-0.3294186387303375,-0.17278039477482351,0.1183132447663196,-0.16879653587524965,-0.11854232834834232,0.2919972949718712,-0.10922859722331167,-0.3654054323782689,-0.13233492976349684,0.24208294686908796,0.22435514745418414,0.19378995553566492,-0.3125905315767495,-0.17129749186328372,0.2976488169603644,-0.29753230202786574,-0.42664436559021646,0.15684143538962722,-0.2836466888143383,0.13707537418147764,-0.10764940938821024,-0.26448575408264274,0.15380341550562512,-0.1732339025238381,0.06617291867512683,0.13838088145148808,0.09963557647856013,0.09273247961380562,-0.15819129820688835,-0.08267275452711635,0.05335357459507147,-0.08793425786364999,0.07670948495733203,0.290524119709459,-0.43065890988899974,0.18424339135325304,-0.16175605207419358,0.1934084131347481,0.08320876155142536,0.15511981796541932,-0.024476983815291543,0.05322546369318311,-0.12085564186456914,-0.45241585369714094,-0.021779484028055192,-0.5878055111838749,-0.4975351236564227,-0.17556018776644763,-0.17931781055637097,0.21671350614226437,-0.18914061778727823,-0.12407876786067042,0.09211249502895812,0.18892433578272463,-0.1340462075139875,-0.24562463975787655,0.22312875727589593,0.12816175237836783,-0.16388182045994903,-0.12207794022358777,0.010443641523469676,-0.09949573414330275,0.1875796083270794,0.13959452953687826,0.22355987679231,-0.1048181212208779,0.251825969032262,-0.17052052010999058,0.05375640991443386
