x0,x1,x2,x3,x4,x5,x6,y
25.49803386843773,53.72747941353411,60.67801471071539,45.63931003289301,64.08233757027422,48.27364745281551,25.059156326023906,12.095995252676573
27.720897053351905,53.93186040942846,53.57309758830717,49.23329740661987,68.32287429277628,49.38105120836307,22.24491724191796,15.641501923894388
34.12411979051571,54.100761148527845,60.27864709147596,51.618296685075535,72.44686773550805,47.30737365970733,16.57451101542201,10.312407788771491
28.657300437765507,61.811727392991365,59.10269762153027,40.176572278744835,69.97968922273586,38.01799451886753,17.64964594139221,93.66474771343294
27.26838068823706,57.48149308462987,53.37491179710376,40.563759151120664,71.4294862067854,36.357189038832225,18.291057602366514,-54.3025817436292
41.51829437701927,58.86288576776126,73.55597254285628,65.52691996957552,63.18200078616136,56.16113773646998,27.710343332806453,73.2528211230638
28.43907468804819,53.97205984203819,55.65323370026153,39.42505843373211,64.7009924407187,48.84172516723811,27.463131874401352,59.393499632770855
30.460262845307682,60.111942095927446,58.08117101813395,54.80560514995444,73.93461334644823,54.66700505533775,20.196687206502514,-127.3627419874984
30.344059080665073,44.70990095849267,60.35382696343345,43.529604580713915,72.69141920010694,48.30774698672229,25.77971227446305,-32.60788164240129
22.23059019325757,53.735152535981534,61.10504446148174,41.11659391965359,62.984075679212296,49.15783975564356,29.20580175680091,-27.87656383349049
24.714786875650383,51.11331828863292,71.1358580024145,50.568127022902374,72.0445726494254,42.32807438199128,27.204136031034718,-1.9536103970483136
21.090125410467667,58.7531712099107,65.64891867407877,41.8406302524611,71.05970837205764,36.02466815813173,25.25437156521952,-117.79481885776352
57.29183132756029,58.81977744126977,67.26824625826404,67.19832679141463,70.68115168448918,52.68395687803433,22.85763662075414,-21.08489450150901
26.311173555503714,53.95996316757916,56.51116674659402,41.3513599045693,61.8695657342573,47.47236077777643,26.55076996733092,36.538918870670685
40.65207793929804,64.07288660878145,72.39018151425417,58.00105491416699,71.98004017633183,44.38550298261267,22.642180579865624,28.662439030154424
30.844170034729743,52.548492283308704,63.66573102051785,49.491906130736474,75.3511659187229,45.61848039767977,18.88459554998603,-0.21522615547194945
23.889134981085505,53.49535885584375,48.48557666108529,36.360241860789046,63.293035823744496,46.98182834131576,25.842363153682324,12.069972913293094
25.9442752311706,53.75299248167538,51.566279557919664,50.12406204092179,65.22477232911397,48.29958637642704,18.295657048948343,-0.890510758294492
45.06876673990397,54.9417743805775,72.46382828850157,53.62298947866093,72.96060611638289,40.162512397990426,22.19268039479128,12.879341561205479
32.508113275179596,53.89049672798489,63.94898883512796,46.60819674282129,70.6590986722693,46.35819435440659,18.847923432283263,3.2928456989132915
26.307459669505135,54.01631224211583,51.266927453623026,50.18138187509987,78.05241733363951,47.07340721006591,16.397667275603425,63.82152560389826
32.165046241731694,66.13195401934655,57.53609906992377,40.21625673896301,71.58487250183045,43.46669586838009,29.027667196208796,-28.562146971552508
39.37537266580137,54.68660989446798,53.33299531979236,63.790877165324126,61.241955160043894,76.75425038323958,26.940658286345553,-9.211250964242026
23.303623825709955,54.0208634532155,57.08781002952268,47.189500177112734,61.98526550242973,50.64491913788218,18.48170546532575,19.731244826603678
20.69015608403,53.6829831970506,48.62553966455177,40.09799816680455,66.03881800715386,51.604562531243694,26.054921981880216,-37.717269785631345
27.754677680650342,60.900402570402,59.849136318744904,41.634048354224156,73.55669330496032,45.05250380302354,38.17330617308754,-3.460509617423778
41.16842427198447,54.96503771135245,43.26275461971167,48.572588479820645,52.65456432494269,64.37045065310409,27.216951723715642,-141.73586906397176
33.19536621255883,50.993875916484235,65.96670807891499,51.37200916440721,75.62712726250072,44.378819258214236,23.748659590827632,-36.82502214927083
30.524045222140987,49.45001861421201,73.65194931288,52.057467752007355,72.07154138230327,42.80108432220199,25.090707874397367,27.308339714239168
27.740921860913243,60.25727343306961,58.64148545824964,41.3395115796406,66.93825068639904,40.87178795550316,13.400101054544056,-134.6581549857168
32.394140247461834,55.38748973766173,62.06140609928302,44.89692162748436,74.89528615094451,31.260147970174554,14.141755907884932,39.00423829873686
31.426277917903683,43.663881232881685,59.95054698362841,49.37119777043993,76.50217728859569,44.92477216135553,19.576174128209427,158.11870242915447
40.3237753544832,54.148593833075815,54.105397183913695,60.30823526608838,52.95183104141558,74.02829065917072,27.28019984565083,-23.314001954298764
31.141687382942735,53.6715224580308,61.78138921689693,53.258977604530834,68.05708665678902,45.71147897839935,20.853543113510188,57.98062134768548
37.400820597846455,59.898676392013634,63.43546701813098,71.52034049678771,67.74402268378422,65.83068175490632,20.745097595864586,42.91918047405978
28.551306906231858,53.79878033721515,59.06478517599766,47.69015881964638,70.94744324070045,48.778343311484605,26.517591698047553,-18.156440369905845
36.808652086512794,45.9040997972163,47.68469524715418,39.02471299279796,52.32794312003567,64.41916270250503,28.00809644828479,-3.644585111866986
32.16760854407418,53.78275310178988,62.22038085402725,47.398381975097344,67.98729387127982,47.49843912182622,18.248046993544513,-16.190866343197907
32.45528790061278,53.82136384981449,60.637172268919045,69.55005135597486,75.31793154677027,60.84461217363444,20.627015371460928,10.721268651647133
45.46366973468976,55.44900262317642,59.180759415013256,59.83132969109776,70.69606439106228,64.02479170495602,24.23434900288599,-7.445659433093189
31.551319492488144,57.429930721694426,68.43992766853222,61.05620120430467,73.13107536171752,45.914491738472854,21.937137846499102,-49.59803387721851
27.36051065776801,53.72004668883841,56.58683658674394,50.24093039118083,64.89453381728906,49.991875464989974,22.69775710548066,-49.41991238457473
35.1941135133906,60.92149565199987,59.179616879755386,54.57571258031316,68.908535324701,57.81619642333917,19.740501868306872,-1.7902620850451574
46.962042079474735,54.41880705488077,64.36852629387931,53.101203131011,77.4895812084033,47.25191115524818,22.010663079186536,-61.929864908017166
35.444551740036644,61.6505331785611,55.00669071141886,59.34790611399316,62.520989132032355,70.96771791062659,28.205459684960022,26.687746448575982
18.806994712540753,54.01258651615453,54.95355578299901,40.51226776945667,59.927112406610405,49.01396589914515,26.625463676555363,27.36304759675417
32.55039714789494,60.052802021508064,65.88949337269307,63.18738439198089,72.0681888536972,59.09155331261155,19.706727068137813,128.684083515692
26.678973527840064,53.85797893650077,55.73810009054664,44.319014618418805,69.96126186270592,48.135358061936536,27.943247586305333,115.91769164682027
41.0338825397038,52.309170098738655,66.71202957481961,67.71694899025549,67.39449027035177,61.63105511461638,23.62033376924024,50.50571072083913
28.221651449865913,37.964377463879394,36.12180512634963,38.355560204759705,57.826991177969525,64.05515041623187,19.834214034977126,-56.54931812541477
31.209345518350442,53.88489309644342,52.7164315818785,46.06808043768143,69.73356451510168,49.32293966429924,18.343602190135925,-21.91446195281719
28.86086918358771,49.33872912542615,50.20856698477404,41.460430691950286,50.64646963523389,55.77956623277996,18.284783812060827,24.987473216774184
53.2519958621901,55.95461798590742,69.59347405716102,69.00862158220212,76.89522815797763,59.380276517855926,23.387140003766294,23.162195531728443
25.58736128315728,53.65130496056895,56.90008536926673,53.44010401546037,69.76752333140494,48.82491114979291,19.056006782224237,82.05196709732066
28.02141943713461,53.84266799688509,52.19421599210123,48.40114508716678,65.91062117694923,48.47536770131793,18.877099086764627,-67.00228187904534
40.13390697176982,56.75982768414329,66.80685505205929,67.49473385602876,76.94173121958184,52.76030015793225,22.521875437023766,57.3694422334504
26.100735079800533,47.05053081260094,39.47541975239059,43.184295926102514,59.073383332080255,59.09688926659352,18.636898160697044,53.739164112624515
33.45897078883746,55.51331387050745,56.5972951026814,35.577493540093904,71.6692117591631,37.874652876266126,26.064360899758086,0.8842222246798723
52.5423186732874,60.845624696930784,73.51232438952704,68.17561284980073,76.97519921751959,52.04329179456163,20.696679281047864,-48.052687602228865
39.51056219327251,49.21772277347507,69.44774486043636,56.095445305888816,76.91475645955998,43.315211754165894,22.161249459392643,0.4070983668958803
23.571810072686613,53.90331691835696,50.63058485823083,38.34657276027103,67.72368868244706,46.92887839789214,19.960949135859344,15.377812663995527
40.06404113302277,52.89512819841946,62.91287512760038,56.033385056239126,50.91141324411442,63.668221297238,23.443261561192468,86.61235497396883
30.211905297201564,53.345446579809504,46.46897723368035,40.81643187792344,53.87600385349711,58.39686212196762,24.4194689517984,33.73909181701495
23.692981270774773,53.988316687500586,56.74095208908081,37.21768338055765,61.53987628747398,50.17020953335885,32.51117651421204,-121.26336009176069
30.574909349325836,54.00103214510193,61.632764741515906,49.207903688975556,75.13706405185742,46.71454419719425,20.249234808836402,-84.7091452992795
35.75264606794685,55.45068365066146,60.322472442408476,62.40295704353265,56.34692543143603,70.57676131567162,23.42921623665042,-23.400073141759833
40.31263976261795,50.335406999564114,67.73142427240357,46.76808140660354,55.354357164276806,50.010117896750344,22.172332894621494,-102.20495520803402
27.853119430841645,58.83797527855082,56.46814722881068,40.31150075641248,66.94964983386316,41.477126734848774,14.885989062402933,29.00200414563315
41.81949454237103,56.56017809835344,67.4648878951423,51.248749029753455,72.1730185719033,47.59541417098468,26.864013841353547,-21.834970781702985
30.30982450095428,53.89916587702296,60.00117766165772,59.524760924577706,72.71162139882848,48.9034234435237,17.186948157337227,33.56738738150918
36.191057570952665,51.13586982830465,63.98272305854091,54.254392649911104,73.24029472183439,44.1805895230995,20.97522188186739,-50.04684316989311
26.03792164041645,53.40947390152704,49.96594295876939,41.75575311150814,54.43830925983721,55.13833949642716,18.859365966667774,-47.894473859949784
47.45465449594128,59.68911088861268,61.09388249812669,60.783256768136184,71.9728402644792,62.23870467969586,25.249899933280176,-53.656117692272566
41.056805910869045,59.59668511745115,59.92179013962005,49.9134234890271,66.46563124056985,57.136703990230686,27.468818054003602,5.9417104227756194
32.107628934431474,60.21949648066809,66.44386940794267,59.18516243898825,74.07571415740436,50.5228958113552,26.521968936987616,-16.071258015863247
41.11471100083712,56.37015330733382,65.78239060121173,66.19621733755976,59.904308949550966,63.37121372257926,26.984051566106906,40.68228920604681
27.155563694170535,65.1116481448889,58.85517046593456,54.99397022875394,68.3899372350494,51.7898916995053,23.339284617673897,91.97961040772046
23.3766939958775,53.93437583718803,49.54272852578139,44.1552475402042,72.61973132500515,48.906808696257684,22.310977402807406,-4.772811057800986
37.097809446707615,60.682209096070224,67.7199086423497,66.18499779920243,55.62310004008801,64.49541763936713,27.639919067937445,-16.438491875609195
31.174289163304053,58.8016120840958,64.5291515708318,60.176255374977096,79.36294289820604,45.436638496741594,20.048776856603396,-59.72633336907942
39.58517992034484,56.04229349207621,36.81980558617783,36.71785529311062,43.890487098206286,71.79371114656271,36.02246682514987,20.8682871703659
29.624396945634043,55.35381467371055,73.18568856407688,42.09740920211544,72.12050434611798,33.5573802175524,28.054336383446753,13.889634062495183
40.67814931307383,61.139881160686,43.18674463266305,38.52546020686575,40.742437561165204,70.62632595558453,27.309958649401185,108.27264171247094
18.812510052077563,53.80514435535338,52.14607578301728,45.983287362285935,63.90257579289887,49.23007266768121,19.934337317172865,-3.63402426815807
26.413337916345274,53.87148605185509,51.6157400818073,50.3442816386889,78.61705481846695,48.1388632000279,17.12828767525071,-94.8979120705132
41.512148394873236,55.47399422498385,49.814647120015074,47.97806644756145,50.38672237602698,64.54600429061404,26.307670156553474,-55.50574892370081
29.643860267976194,57.114155209955705,50.148112789572295,37.79404241947686,69.1199178744398,43.69547633368128,16.94658220223341,30.095339657150493
23.69828640455156,52.83817759914264,47.06465564721085,40.47857503046239,56.9954331240057,53.8938045779023,17.915328041802574,53.01127081893166
28.85091448332856,53.87138938732074,55.020977561488145,46.57875188768031,76.57850017024066,45.61905392072917,17.92831829671853,-3.362413506178635
23.677747774320686,53.95704127702439,56.50162939499211,40.54292277696283,62.81778262600751,47.88026142659231,19.578428261712915,-38.074779538394914
37.310558662695314,63.117646377514454,59.80253977726855,56.82752024416822,63.42020065803058,54.03117057355445,26.23165314049613,-37.909431378070536
47.69436063802585,59.16547227783097,62.44468445497564,60.13900402051311,68.34097141277655,57.892357401205906,27.40904846283611,-24.789868717699427
22.612827536076193,53.85610513972407,53.307820961031496,41.365288832108874,63.74235725409596,46.89301450678172,21.178627351861778,0.7780088307421815
24.77913751802027,53.80315238470133,57.81192967234193,47.00354805814672,62.04971997117981,48.543443845313455,25.380820888737563,10.74396704515588
19.728581840405262,53.82580782124482,50.525624834732106,37.98033263277785,64.88980598344216,47.829232082335274,25.768242801708837,-22.478977973494107
21.201259163704268,53.81606811864881,52.76060947562935,41.14948701336418,62.79430031104889,51.11744533134971,23.695446090114984,-16.508732896062696
44.25430913224247,53.791021884359196,65.84119288215831,60.89650307423594,81.35144798695654,47.48751265480355,21.69462008985995,51.53204537724619
41.04728423477098,51.74617146310406,67.89280103548589,61.44775007864881,58.13956144326723,56.413503909367925,21.655572429333542,25.291257565633543
21.31667881170099,53.68646753632992,45.59481013327694,43.947425086733936,76.02544913529994,49.922230710303616,24.717075354912172,-61.859896535537544
29.904518742227804,53.943267358031314,54.87937599404314,44.50658222066708,75.3897355554711,47.40018497395558,25.385183367062584,-42.90539026199633
31.27934019603831,56.72697911577887,52.861996938517954,35.25211577761613,69.77440975695045,36.651776823373766,23.28685779448622,-6.417589293577315
23.318874156918195,43.37056306576598,58.927707279846075,38.62682311071976,66.12659708193631,44.888143179663544,20.931121752084934,-36.08173131719977
27.08026207218518,57.87732569124246,60.71560079444878,52.862269756278195,79.85048573661389,41.60082721608673,20.187078860458904,-24.50383452421377
22.772625062205247,53.897338066656836,56.64733692397684,38.73679995979945,62.208324681990185,47.04732782216227,27.180712233921522,-41.95670765217009
21.229497409386674,53.70194974127156,56.26557326145332,43.617770027315714,66.45483972701919,50.96271240546531,27.732650919285238,-24.768490284967434
48.223825126893956,49.57413144209682,69.35530348071204,56.784144397732796,71.89433714601459,50.009915480549296,23.383324023660116,-125.25391760881006
41.74192916301474,69.78629821845401,63.81753211065133,55.408027444313085,51.697004191268974,63.78441279105028,26.81684101689621,-71.66983421020905
27.42758199181254,42.760039963843,58.51002293837756,54.4281365525023,75.41306954712805,56.796447539407154,23.731337658851587,-44.62029891434146
34.41347278522547,43.05418930594587,49.92098548220701,38.92684504545759,54.49466049739286,56.88366911658579,20.431478958472205,-25.86388263495284
33.28365708065725,58.74972536760796,74.85938300917834,58.772592623862835,73.75012413961075,41.63326251885697,18.884042292655952,-15.518956369546657
31.081313532807584,52.973084217736016,56.01890194294303,49.72251641991539,75.3578438411713,44.495211310416146,12.837026025030404,90.16475043243504
23.6144829831612,61.12853273367429,57.322201652992995,54.66984505266978,69.0503824822117,47.36904363105041,18.270846974318147,48.46636998376067
41.09511465860519,43.94133407511039,57.01422206618366,57.46601333392135,65.74109195832104,69.13322342499127,23.96535607345016,-45.433671507498055
29.524633546104713,42.703354968501166,36.09920549887447,33.86946758678586,43.129462280502075,69.36848202255958,24.312686041882852,3.511961356864239
24.045269296366808,53.770069840940934,53.459704714010535,39.93074841338686,63.110438396787565,49.00047779005587,22.54180558804394,-105.98498077477744
26.130218660952757,54.051338667086874,49.81695448740516,48.864579698298684,74.71051318587386,48.20530183173448,12.458867099824614,-106.10192611523743
27.482733754456053,44.41761328910196,52.22560814960619,38.07283465980758,67.01057716915994,38.72049525720938,15.070695761847206,7.670801438758918
30.4414759899928,53.8729458442583,54.08016200271613,57.23022910306109,76.63011144164317,49.192641799546685,14.717654931283906,7.4291338435379775
32.40456460094635,53.697278067381085,54.14498138478944,51.05532456707562,75.51503142729533,49.22751074233438,21.94108203418699,17.72616170964367
24.906360166960823,53.709884820904314,57.332123397361315,44.14693922128226,64.83876446257845,50.094273030223725,23.413658837930925,14.997863214669934
38.85286427888301,64.93022652538366,60.66132896567675,65.35480895626725,62.95541973201884,63.80147930486845,30.61975990557293,31.09452212977012
16.595649817127878,53.6063923990354,51.33052492463839,40.87128110387739,62.67819878674941,48.56821152364879,18.987303780644744,3.778461910178879
31.998789862326483,53.96473522814023,56.21877478763068,46.09915177459868,68.59956478309292,46.15941448660056,23.597887711871003,-113.62271195084371
30.200420530700498,47.532654832197856,47.78849474343095,39.588109756565466,55.6805539352564,52.50638062149853,19.06246917512234,90.87919212930645
26.986977135329546,54.095534390934354,58.79399680208499,47.337108015255076,64.37522307521313,49.000455338036154,23.699934628906924,-95.41279617947032
23.45706424207485,53.917689982824406,61.645263254066194,43.76800405017489,59.03995028239228,48.624554801112964,23.327206686823565,-36.265163283077705
26.39525592015916,54.1682396682302,64.81979460312982,51.61002208394266,63.800930596944134,45.68578652129758,20.08169497645088,-55.57925287390353
33.132742254445105,52.996637787030004,58.37833339852727,54.74530626331809,66.97919344656303,58.15927275793101,25.16988565790897,1.7397918229334408
44.117458673833085,62.58498590712412,68.87919799567815,61.732583512703236,75.2404317329272,43.762096319561174,20.881220593893946,-96.68741147450268
32.67986738422651,49.245478260328,47.14070269827923,36.57996973304205,51.24274857359433,61.29212824686917,27.192059832537723,61.10462503464162
53.23862567240461,56.39154658049203,61.72855416280956,61.98576468063856,66.85987745434055,59.75658945100983,27.19883511079167,-51.26799278844867
27.399440466097815,49.798049886754335,71.32971249017297,41.40060991407691,72.00675439622638,35.055443731197265,28.487228674352206,-57.644196798705046
26.668856112772474,52.484882687991224,58.38662981118386,40.2711723716168,70.65881347138775,43.65441953472809,21.37408296592951,-28.167807350894563
23.296971805923715,56.15986204175169,61.746097435861216,38.51465938250402,72.05997212328968,32.17034449824177,16.965572240182233,-111.55320306071958
23.958161017981844,45.52422572853158,64.09238228004904,37.77215766491477,68.45751962824214,36.59093773836711,22.42351208779143,65.98635128865185
41.14355531578954,53.750117954614275,53.16661705318307,51.782385532419305,61.428819674585576,57.925393843399966,27.023679363025806,-159.78569551521144
41.286699650834564,59.609691169244265,51.49223030962487,49.22797244264586,52.02912302509314,66.0052567171851,28.72222942301413,-41.41607920396782
38.16901551704642,59.915342100678224,52.53705060777161,53.73753465936233,62.01838538352197,65.07017713804203,31.67424372791683,-3.2899174701783824
39.21255908673118,57.18387922128216,65.67150404820842,63.886724443982075,55.52265802723697,64.84903168320831,27.13286400596319,118.02905357463771
25.71972438520343,53.77176921367269,56.568905218296635,43.99573254328567,66.98792763708191,49.27414149517488,25.709317759042467,26.105160276603023
35.26725890097713,65.54825732602448,62.47008955692009,60.51128744587915,65.27603941330811,54.05325933391539,26.171385252122615,84.827553496634
32.30096654975661,62.43863305612663,61.20524372901556,53.55420834000557,71.99144748155824,45.47064122258659,13.254216450054153,97.77882400698005
22.878262184092684,53.60896771898653,59.725225885850044,50.353708058585845,63.26775099433671,48.4932194151897,19.1730873719401,2.3820525624732642
32.92946488700894,53.91559345206062,62.047062320876655,56.61329834079129,76.16812367227458,47.338468088471146,21.797162523043806,26.28089740526709
27.843018843002223,53.78923781610262,58.88179353416285,50.004281904710446,74.98432332903556,49.76771685561479,23.584078625756643,76.55042384587354
29.576188873119175,68.69599455174358,67.74726699314571,58.34832707546008,62.72302976688132,55.38519062296752,32.88543185339792,-23.093337655757743
28.128797611375106,54.046216942221065,52.73931399914055,46.992549956269606,73.32491124472699,47.84423424279356,21.028999693926963,-64.55599941607946
33.259706509930865,53.93343249546132,61.263832133555724,51.11542615881077,70.8979250701767,45.69381625793435,16.044640061906414,32.97186018691282
38.868825643539395,48.85720113920207,45.09001322258605,54.58518643842571,64.04258032027873,71.60097965918303,32.40838653119311,-87.96861126569662
28.11551249216417,54.056650598001944,55.2138911968814,41.60423192396209,66.62851968122914,47.711039227075304,21.008999119480297,-22.31253042072216
34.4144394179184,53.65878849671108,65.52513458095474,59.704891846734085,72.50636864713401,47.312147743808104,18.87022216983269,-102.49465962740504
40.713051248185856,61.58509885472655,56.62169942877382,55.72693313958021,54.68849879813827,66.4142049541005,29.370787526351364,-58.01371268839955
26.04701676714563,55.54017917881869,49.88312444862108,38.37902877247458,75.45357777132735,37.64014292883951,20.13053867960294,7.508262626995837
40.73426817877718,60.58180840589147,53.37541920082713,53.789362164846175,57.477855596560666,64.066323894095,29.91179805626152,-14.035457714051825
36.01039546692442,33.77592483879665,59.09470468911277,51.048031731719234,62.44555874253076,60.11739275141229,26.935951756819026,79.34914628059109
25.03263596616034,53.9330189994525,52.444410442757665,43.60915897789279,66.73970963133699,47.92941657577814,23.519911380618783,-65.2478215681073
30.382920163431873,56.134872749131006,58.44215142670245,45.628773446805944,75.68868092509298,45.88307414579919,22.726051430106246,26.809174974806776
25.86748755029744,53.84219215935892,55.95865674478232,49.97079315308181,64.45711523322751,49.337052659074836,21.262154563541667,112.7230326667733
28.350281695231637,48.71590474365078,38.11963829936078,42.078387674460735,59.916869713299555,61.109198397031,22.09309547102422,-21.497609001155837
24.18033225406271,53.72638913210273,54.7231276606999,46.942587343923805,75.1763584220193,48.765532960637834,24.744868192696416,1.3967264416530645
29.770951138361212,53.899488167684154,56.18347728722106,46.076869547465215,70.50279591754249,46.728840134923935,17.54251640285275,81.63928414659355
37.60982822906096,65.27268903937127,69.27802516581013,65.93011850441212,66.71011218660577,59.716308969576325,20.592610264973022,24.858227289131563
40.026479775302114,54.22424417777665,71.32758163946617,62.73551594791692,78.92126724545287,44.61206906002382,21.272829428341826,-98.61398411242907
36.13502192868203,55.54081470282829,67.18438154427797,63.32714970766214,60.64247587687367,63.27366903250956,27.570402490741113,18.419999636306585
36.827226605474735,52.03128342042163,62.01787867522575,60.97644987908343,67.33654358063814,58.78330591963681,24.139661722997594,-19.37583731464388
35.99417372430561,50.42440811923006,70.8521736930826,59.9268783654631,79.67188852554723,48.487417452896196,21.81374650288431,19.261128579325764
18.791077790601815,53.81238348950225,50.43521875743416,39.13367028516582,66.54786802873504,47.80709542496644,24.64279828637513,2.4588286507120447
23.113245368236555,53.95061317135349,52.12827051228964,42.76511207047617,67.05626851906894,47.36730931907799,25.232729546762528,78.31298375194153
40.160974997732886,62.25105252051591,62.297631511751106,54.35451067786326,65.87963653895999,56.09988990427456,26.78292141414381,-26.78905220959556
20.077027079291774,53.79644000585741,51.96071248229911,42.82511843373918,62.211791008281004,49.860776823623034,18.92173145141642,24.271026206408692
29.17875231802609,53.93291754217721,51.9273410604515,47.48583894463765,75.94583831584495,48.80323023418082,13.65310017350189,-117.4453159489581
32.66052141972096,53.583365977699614,75.04721138996175,54.79520767009308,69.78825682215107,40.747358847728414,22.389072974057175,-18.624593837488394
19.354508199838342,53.87426619430639,52.916103601238156,38.60568746640525,62.45974307785221,49.63950492351359,27.116151210623933,-112.82903377965819
25.385516638607772,53.78796338159212,58.830227459540126,42.38376834405489,65.72313292164084,48.00163724624692,24.44229151558479,74.18801522064994
22.14335585520409,53.68858681903791,55.97955721263277,43.87212522635506,64.2847474149888,49.892955016266534,22.975802670872383,-40.77919970224008
30.689963955796106,54.83596180714744,56.089538191779845,48.719767918439345,73.5462862918552,51.636640652738556,21.85081788991738,-31.96185045873491
40.95978533951496,54.47435521792208,50.37043262777796,55.81773056082365,54.36588295078317,64.5833056618979,27.156335394339493,-112.1861931291381
26.093193123077107,53.81193723839652,58.52267334753488,47.77165830860431,64.85195292130346,49.77275620609565,24.359850181955803,-45.88372620093155
43.00494733683866,63.61565281862103,60.846568108758305,60.39692125890866,60.713223500151386,64.04180889306386,25.435488925448553,12.907809636652175
32.72189441534558,54.92039955670937,55.78405091147246,52.163677492923604,75.60158940079721,49.97197612347976,16.94274771505411,-74.02121932321803
41.749789817469676,61.745682364156885,52.641185721893685,45.52931345115403,45.17153856914041,66.38500995639924,26.851121559100044,-39.57364491634553
32.26404239977572,57.299119266351525,63.07011858330887,37.28796702247192,68.08305945503112,39.287485644386265,21.014797936712387,-39.756216888449046
21.46032626137035,53.87171108189383,56.43827402105159,43.62837747874608,64.75347631620778,49.02638942548212,19.90106730976075,49.147226124275846
21.10251367944837,53.770699839799555,61.95197461753648,48.16495326130891,63.74229311811714,48.66483189618311,20.093840769181604,-3.1847186099349383
46.671656219837466,62.53717990240792,64.9744016566605,64.00851913984322,60.32610414557592,62.28176329124382,23.38051350050666,103.71905935503739
32.63491729298538,61.8943093497958,70.623335193771,61.93294346273387,72.2762991635284,49.03376616754697,28.230917997243207,28.36017430700182
31.077344505817045,54.18652290247022,64.53084538697094,52.087403109580386,70.34423355749361,46.722303586052355,20.55547424274602,-81.34494162245528
37.840604724160315,58.734948446514345,59.23759829076192,58.569341275408256,73.24178218519108,51.58258707582381,16.519897089323905,-101.98119516675683
19.515341129500253,52.346372747191225,40.42307701334792,38.10792855515958,60.72549809489469,52.3984387746056,16.190620330593802,42.145087658600524
24.473875630391678,41.75678308779876,61.80690932543717,28.772046324592985,65.5623875758663,39.05026402787301,32.987124240963496,-143.08232368199177
31.820030187423583,53.61204174359534,58.04746232637273,40.10613914141999,69.80602232697052,46.80956044799019,23.41397648542119,-23.5644780430679
29.03118508633547,50.78658115429433,38.801128395712,39.56469451546275,60.700771534265215,66.00431660926611,27.24322371229202,31.753031298618808
29.314079547693346,53.83065091645189,54.09404404636115,47.186829367421694,73.13144876548473,48.129653647024966,14.202234172969792,-46.06404148206608
18.160135552856673,53.84466805000137,53.04755331642173,42.09150866844449,58.90433144511276,49.045933649541176,17.69300870046901,-127.20180189689232
31.667119872096162,47.89404611964646,68.79538878191636,43.97565596711526,72.13834027364496,39.12881293499093,29.247514871534115,-1.3586860043440883
40.88950979872566,59.021874517412556,60.79802631930653,55.1222711031221,63.58165569266899,61.406839471329526,26.86651579164712,20.425108987741286
44.43631883581177,64.62815952508785,62.765944522884375,61.0171410357931,68.05943442157457,62.113134889970205,32.32878862540578,-126.10120372328248
36.1448839169092,38.54195540363944,58.13524254566045,40.87003154219106,55.63302681509863,48.28093783593302,18.312761527880845,46.92665389209508
43.13570135833125,48.9639270474433,53.137945663284434,59.489735735018755,57.79682685603594,76.66757447411199,26.210360923064467,-67.55643484094874
23.81518178226371,54.127420569078865,49.96437514898095,43.58503161992581,72.95429253770283,47.988826903453365,19.881715612274178,24.627414412537064
26.93853550372774,53.74242204076016,52.288152731763965,40.223767497278736,70.88273978069333,50.236998003823174,26.706210441122497,157.31658983039668
34.25237080487487,60.707719994389564,58.540185747836176,57.02657444524882,71.42028148473405,50.38766171883709,13.450507322765237,-8.95401965051052
23.094098026829208,54.017232767393736,53.10771758579581,47.19413417385782,72.60930831879084,49.074059948380956,22.286886959206637,-116.28562409273874
32.24424885024294,42.21438411922532,35.524351625582064,33.82389747598191,49.90548027519784,64.82988949745065,27.25421333103677,-63.332195581205596
34.240510086275386,48.61083017622209,54.9564078663055,49.83296252997495,75.70752113968886,56.25941574052448,25.543229153270843,9.820633197038452
25.605004592829946,53.47076397416257,55.42073938596951,39.403187837211426,65.77968862645054,50.273585123782105,32.282303669991194,61.15435916562113
27.680034084844248,54.16905539323583,60.64354947982451,47.78876514187037,72.87656642152747,47.09449495706057,23.63844708773553,10.224048241468896
30.017105663939738,42.46747540283012,52.888493855503086,38.21598541679128,58.73743226922688,50.379747348760226,19.010902096562482,-75.57101326288573
41.664352613937126,52.862995209132485,64.28731561610587,64.7408297929728,64.27490901031979,63.14029635687177,20.300587987296066,-37.63455486642937
35.028611299941915,53.938247145138206,64.18310941367676,60.02461719077186,69.15150876944486,47.590488509436994,17.075152542700714,-28.21328806222261
36.25381653864808,58.233405942609565,65.919824564166,62.6593401838881,61.299807887339995,62.25894145840708,23.927787889858518,-57.01889389239542
52.49205810336328,52.80567187579446,75.10814355607931,62.571121645207235,75.44020807500671,45.14415287526881,22.259009416857808,-7.174772283506261
24.068854062231917,53.926935444747876,51.92512721932408,44.084958490022174,75.35735563180641,48.11117230028034,27.272208302050863,80.23040926112402
23.279523697639284,54.04833142482635,49.57191688208439,39.64999793616879,65.75404064054223,48.61772600548831,23.902568459188895,-11.654560412075833
34.20713898963093,54.462374337637236,59.56335046608473,65.14911203797072,69.42558791663315,58.24201797561104,21.295544849856476,-25.39018478730455
18.086572704980618,53.75377838225668,49.517799332561715,39.76373762605163,63.34831425267082,48.397448290640085,19.310619468075647,-0.6953630801540873
26.89361503188045,53.85780604512167,56.875811484954006,37.2887248667079,61.10714102114854,48.03559997306941,27.23065483296931,6.717664910016346
26.245611707629934,53.893879577192905,59.79687654203694,43.51987500540511,63.504920840551854,48.90213102615666,22.03552629746632,-51.34746949840224
40.52164669191884,56.84521359096937,65.60167987816058,66.60697186391683,56.68057999876057,63.520955124483706,24.806990079527434,159.1053546278916
37.67448876290946,54.031497321714205,64.90288008817784,54.711234226858295,79.2845380663013,46.78028554581516,19.80884467812286,-83.04809614481982
17.938993561959936,53.74986570109932,54.35676287648219,42.4008013164921,68.06419766796935,47.783050747459576,24.320242602571504,40.862014555516694
23.21196826674331,53.80999473310465,52.504402293265,37.32821077370718,60.137641016519034,49.52424774121015,27.27533271525849,-87.09847729169215
27.41834962169092,53.90769583247501,55.054128224019216,43.73984341002685,68.2376809733847,46.76389189442843,23.203459931342348,41.148730518937995
26.6588598842196,56.30319590630944,54.54231275868632,42.85536156743142,72.93579062235602,43.75582349796726,28.360370683828535,93.65719447932143
26.864797623099616,53.80773345714723,55.41793821226897,46.30795726148026,74.89557720745637,47.55470428698471,22.24721507473608,-26.590544193993196
27.286410401404293,53.87085087225793,58.460061943036585,47.8479113543656,69.89694282212218,49.300872445730256,21.868117876643527,7.800983494416587
30.678053527749157,53.68446564842303,59.93756994229818,52.0093379863071,76.897435696576,47.59354105767015,18.16619513313006,-6.142787917716945
28.62427271951395,43.847098681541084,49.717937457551734,37.58754361199617,55.883862311681575,57.470862227436946,20.472012855081086,-22.55534062604825
27.325083055013305,53.76249137689784,56.314563421869636,56.627477827190916,79.77427523196322,48.691574559771595,17.610218517746613,36.44810373211526
32.61219566730787,67.06764607180267,67.99760139559426,62.07549169970629,75.5056053021156,45.291711125583355,23.40812713896505,-125.28938502663321
35.6351749977066,54.08701029740145,66.39163975754013,54.33066522408828,74.89742441848605,47.17127260553454,17.372540788578622,-38.32097871350034
18.269110897977807,45.49622015528464,54.94991273950664,40.160541406891944,68.51365665655621,42.11702146455316,17.14247896605793,15.857762055741492
21.6669445341006,52.59985510741221,41.87247701957907,36.45579435671518,57.53954406127273,55.41431471609588,22.749478170237847,100.2553541780857
24.48381534293768,53.97675387251485,60.11569795900747,45.75924159787545,61.835076913532,47.402790878964865,25.08596396982051,13.58603385257151
29.63723335353191,53.67768925816258,55.271278691570096,44.51183291786332,70.86825541173496,47.937804388212676,26.806827187201723,89.79308733123557
26.091008741896673,50.02555428664578,36.5723397129981,37.86901888054852,56.81185458853824,62.42570087817233,24.818723009943643,-59.61577812636686
33.68124523990009,56.144679860526765,58.59153751211258,57.96002900380039,77.14073748204548,53.645088880962575,23.432450391084558,-13.591810771483322
19.76897162559471,53.63185482459507,57.07012867316188,50.03020198300701,67.76292299116093,48.721687693534314,19.14339743628762,56.49141497444683
27.435267893839804,53.879824954485585,55.96855493137789,51.32255494943081,69.06651717507275,48.041903593545975,20.792764208092507,-25.8818375825296
40.139199049174245,52.2905168969143,56.45285565162018,57.23636882729307,56.46106494277258,58.31701532867664,22.767719342630976,-6.4555765574717245
25.204499343407043,53.69480672787868,53.50154920876859,50.137361875686906,71.75029834232309,47.80521774396863,16.714663745399115,-37.57291413425723
31.35632007208847,54.021275047172566,52.06462154075916,48.423295296563026,75.82710901244809,48.74927286909297,21.03872961626506,95.21923280954732
26.371435220815407,48.70155439392315,47.52636173972924,38.936255496585694,51.0350319640124,54.69282362598897,18.55505346602976,-37.05806398792267
32.11332313810099,58.751772988478045,58.58343614307258,54.6976149535811,72.91228795084272,60.6063038280608,36.83035924714272,84.9608741177476
39.00596328263992,53.14875918688958,53.18414879189958,59.28927193703647,60.37374180426749,68.68212035830287,28.574330430559947,-54.59374877922603
29.020636764429213,53.87016382107106,60.01093571840771,48.79369685075903,66.82138076407516,48.96181609723269,28.121063170993033,-33.35137119149182
15.751631838156827,42.04445552154359,58.91678450787802,32.697007884053235,67.46357415231233,34.08379150966397,20.490255599445756,79.66505758234193
31.794642741831716,51.200065449178396,57.138426725877395,46.9698795394726,75.22032910741919,37.1741444134326,14.58210882507069,116.7953060960686
40.76483109410158,46.6872332015771,61.56597958173009,55.29470864892685,61.167363234053525,54.97842745462182,25.603772966609988,-8.852969621790065
29.439002135871533,47.77443621774682,43.89341844881606,35.614615680761446,53.5423974882179,59.19588534000608,25.781784685063883,-66.86994834346406
27.39005745844387,53.952412536019224,49.85759947863399,44.5373662715864,71.20860750395896,48.45372174835629,21.65503243350324,-21.551779834859616
25.169768666278358,53.902284541629804,58.3404015518846,46.16011387905804,70.38462990045456,48.78360609614762,21.0744455399154,13.383395194481785
24.74753115311815,53.84786051246204,52.862589731847976,45.31906383058933,72.23476923707724,49.64492436995831,19.40159299206044,5.340435231175993
29.105515146064143,53.950971384802905,61.97963892051336,50.37932020845807,66.88510169054078,46.84485835785389,15.688597459812089,-10.938139454875115
23.767342772137557,55.61079758541319,64.12377802179492,38.79539117609533,72.06850813713753,34.987814809232084,22.975115687756322,24.526238253175066
38.66922790145719,65.9614557734385,65.68297873040684,54.77804114342353,71.95618909519973,48.99901868412599,21.037884625301153,69.97605273545501
28.061018759247027,43.88413103900315,58.24796929538364,35.261097788266895,64.88363500782644,46.01150841010963,31.62423969782099,-70.53629952065486
29.657162214480245,53.925153783694405,56.54317804615952,39.626861678995255,67.2898957769254,47.35997496537842,20.2560138300711,-5.1245127308297755
28.8242776336014,58.73602241715157,63.31915375147508,45.023066246881235,67.4437790602081,40.930021555414655,25.62323743491246,40.948324322722776
28.36593121400861,54.063370409602115,55.48756290126572,48.222333420028384,78.56140022790518,46.33996414050614,19.44956885228851,10.111143549020763
25.75423133681925,53.746074559230195,55.199868065788166,46.33679817587089,62.62253657603973,48.04038651084523,23.094891034066343,-123.81625850602042
49.41331150427572,49.64528556466626,64.71113710008215,59.8716503006768,71.59400823922914,55.51005844828042,26.641337383806068,6.012201394981609
31.436867874771323,54.177354825420664,67.22319230565195,49.25482539796431,66.89436620269502,47.238462797101896,28.38463771350741,68.74817985269075
25.937940293732566,53.95471922989633,55.68948656968789,46.36746056281691,71.93534688656743,47.04649388169842,17.934738235158935,-0.14206819077991728
26.70150836221881,53.74037492197983,53.25643427083478,44.565147193760836,73.06146834506131,47.60019753274962,20.39703942176035,16.17807274681995
41.05699998542757,61.27990718069205,60.24912816030734,57.02709313739249,56.265864583472045,62.66271209799257,26.686740790539016,-65.48605362649164
44.784111317921514,45.81468136644271,68.13229853083402,50.397540504445864,54.46338848818106,54.21148047165113,25.230972300706355,-40.98412081811114
37.37630573140813,54.5624594529714,57.20351021139086,61.28783309352137,62.64160831847491,65.61464326751549,22.221646758094693,88.64716432072612
37.44968684255305,53.86854452288562,69.14587391935429,62.42236123029231,77.9261657810481,46.81389305277453,18.481193403777993,49.27751843303929
30.539734765097826,53.66129212591467,67.10275817806583,47.94355519878457,62.50720412680213,46.97640166176394,17.20869951894486,-50.42765576894965
36.49803186212413,53.612886369494746,67.54360227938881,59.26975828148535,73.56605230174792,50.795143742905964,19.09626354404512,104.38190232370836
30.8645189062328,53.99879507248907,69.10406754025774,48.40106376679242,64.50395914879087,47.384471947834065,20.725742541469756,-89.15088933430083
25.163529015457783,65.45493246413871,58.52027008405619,54.824610141287245,69.64714837174222,51.16347202572614,27.707257020811817,33.058515305258624
24.254798238387345,53.83096875209276,50.87174160438053,44.5259724731613,68.26469755088029,49.614094480401896,20.800559229487376,48.795701334511655
37.2900496824837,69.55776367944071,71.516287272682,63.540168856175136,72.2226067519865,47.074081502990644,26.151927544143554,17.653577452457956
33.44471686140971,54.68531071636586,62.0943335780347,64.9661831653209,70.46717495462455,66.91189348854891,24.206147810675784,16.279525129108613
40.775084797705766,58.662869035426915,62.9102662718561,68.90620575320128,57.05473175389129,65.64515731770271,20.926990362542135,48.68329611949656
29.75154856597288,53.87882317954629,55.838236321899885,45.468881974143756,73.7463460226175,45.72689034366776,16.688906361342262,58.75682240847945
34.03548370581049,62.077696497362204,66.79473339071615,67.60792230621644,62.572191084216996,58.33950571088644,25.76024869242803,-28.783476634131198
41.0432771467256,66.89736116256215,70.19799267978922,61.716882072761706,55.10605474282984,61.93623831903957,27.96288087027594,4.147995356540133
28.820560313197788,53.552683959808434,69.58208494343609,57.090669082440265,78.50792449070678,44.21762734099438,21.337701313338417,-68.45296428671415
35.78960761043975,58.18895719928158,62.4624956013828,50.67590689528241,73.16878246591303,42.810440530243675,21.614784369498313,32.970866956023784
22.55972631853361,53.50397049459262,49.2827335814564,41.65306491813409,72.94348998685386,49.4527128484778,25.009583182735106,-72.67243640465674
33.68812629953908,54.00447509075182,66.50473171008075,52.81811954458359,63.997152380108076,46.13952252460279,19.61589924741889,-50.276835410144884
41.0841221021909,53.611034256246896,50.80035652498786,47.249014219940136,60.8480447565352,59.334763045227405,25.496969251529798,-48.18275286242684
29.63331100114859,53.94837729178592,55.21385239304181,44.52605386960134,70.74647480083112,46.76562623720962,16.650025257627615,-46.65594132594
25.19307792967158,53.81568223821961,53.60003965086341,52.63353340940789,67.26010520525212,50.66902907783615,18.862849670411542,31.681741493999102
37.499480522217695,57.24927656499634,57.92796165719111,57.46985013823806,51.15997649684269,68.89775595982128,29.817719931199484,58.09495098343207
33.144950895508764,52.652761710682285,57.67490370936755,42.15457217686087,77.28169950772235,36.97230692778187,15.463985087576559,-135.89131344396696
31.1495503544114,47.390785256549364,44.12216187742834,36.50376936543674,50.449862339499965,61.8508460400683,25.96323328500325,13.11577507422702
38.48102079038936,51.570664849988646,58.20744557362268,56.65702031487799,74.94533548421332,55.80554184967741,24.619510320198657,-53.73880043514479
33.824898219565355,57.46196028675253,70.6955939343861,63.610217916002675,83.50847346400732,48.78170181698104,20.49330388368681,-17.68440534626978
36.88304529006597,45.528678327802076,67.53248515941249,47.415366023685124,72.06669659972563,40.32154411147342,25.80713306220853,-56.74319894747811
38.59160535842259,52.37918984864421,59.189269389994465,47.52188219234448,55.255572288876564,56.86595401204527,28.753449968521995,25.450810150510655
32.153481539706505,58.26910638230079,53.359734399018144,35.96834392037935,69.37395413282971,38.67229421111814,24.00051194534472,-14.088514848957848
41.27114266430077,64.25671427021122,63.861414595382406,60.21613134390337,49.85446886992627,67.97722611219507,25.59517304787791,-21.98193312046856
30.38536526408938,57.58066134045849,55.021361951477076,39.94200778623132,73.069080738294,43.283206595052256,24.27634650971424,-44.2830110866045
26.581397363800747,57.58405239577412,48.36197203649585,41.73492592873315,69.74985910675912,38.93865569137292,14.09955630705538,19.174375304655996
29.9949867666257,53.94445622898928,61.90433920510851,47.620344401892716,67.39248531737378,48.66361635191103,20.934431568928346,24.716332325789544
42.58758103248317,62.04817192822618,69.62924980188053,62.744215590286736,72.11225025828062,48.21736844624875,26.438650462386757,0.7519542263209154
35.77521227686409,53.927891914293156,64.80758902040814,50.72935766604442,71.44760223673431,47.81304794582183,20.547896747861287,50.007532202076206
35.46585481559295,63.38943804327283,63.76644009320119,62.076727198979825,63.36698962958329,61.95956534350299,30.189914400206746,-82.22981266524725
24.45248549864388,49.71339633359984,41.73968978798827,39.674357210986216,55.591136385588094,63.62183196013573,25.81722741054046,18.445232470345672
33.808133506740845,44.4181257854661,54.04549184287666,36.19053097307476,66.05569783934638,48.63724440183046,27.331397825797108,8.384140287030707
33.100931205059005,56.60422696983362,49.393510049600245,34.66467410064722,70.48781712631181,34.620446659661624,13.743048514863672,-101.81461200764414
36.510449163512384,54.145739086414046,58.43312053643004,51.22246562266548,69.10218108766169,45.97826890147531,17.77968127281784,-53.80074903214637
31.486461349308215,53.80477632757448,64.72809865431356,57.91501204801928,69.82060985397341,49.79008580903162,20.99087866891665,76.96564509016999
22.71282209358946,55.46312387128704,54.52196281254655,44.94502311525944,69.14971235111076,45.010397712093805,18.2615200101886,36.9911096079429
35.16198164228106,53.89634942821753,64.91048810932219,48.91334003728464,70.87596663725478,49.73061815036638,25.978382940809823,-27.893603543231524
31.368087229855064,56.38095789637611,65.85982092046177,61.03994745085626,71.4999917219361,48.496050761445474,19.858946021917586,-32.644026325028456
22.234616957053998,53.993132133254086,49.39894868735088,43.258894685707716,72.86167942217466,47.91777914337564,22.214628270786527,24.11390117414954
39.29444108755236,45.92941755895005,54.14753959617512,58.73555810055681,64.2296070651469,69.34334807186143,26.74811617954799,-1.0033622714558295
26.187173067877616,53.700260522622756,59.33319694811573,39.92764473245185,60.88116462287478,47.50894112739105,22.353639185987845,69.02321539892601
34.619376475444184,40.25046309458492,62.757665580078076,50.88776134093239,56.13937218864879,56.35563265023232,25.442577067535876,2.597085778762061
24.51954493297313,53.76589389026268,56.46909054118412,51.398831907698174,67.16178680994848,49.13006124492105,18.059562710021986,1.2439169354980706
44.51503716903093,57.48529287942893,53.54470467179862,60.340163949128865,69.77856406058794,59.79102648847931,22.505329873045643,-7.095012458649917
31.68734739666596,54.03655714187623,47.34591114398295,35.161419068783275,71.65988813455292,34.210045033085805,13.856930899536252,5.045272595455236
26.79212496640944,53.88903428116429,56.56132195348541,45.94450474282651,62.404043347071486,47.39755082356362,18.13554554393992,14.645557504013066
52.46521431972786,57.27716486977463,69.36963969401789,55.64830262820451,72.1680902396321,47.53896663101972,23.91134923814319,-32.91245024315672
43.68164052230904,51.00224812777861,68.19352557358077,56.237142130299326,72.18806858340423,51.582330471303464,26.15692092336747,-13.63076516860746
25.340444094867326,53.75707408616302,54.011942347534124,42.70323406509213,68.98626414259233,49.4309874804935,20.581779239009567,25.590279927287423
25.190819972623338,53.834345268514035,55.82242626697056,48.190457036935285,66.75404565056185,47.030985691740455,17.870163469782707,146.7485472336481
33.54925160615034,48.4676098381874,70.92447526781778,51.19720336578319,72.05288183367358,44.81775232025593,28.71009638722167,-97.63447108361818
40.743632062769464,59.83029406662966,63.5207342165339,62.565703498917095,67.70666952800994,57.93429278622985,28.09691894937206,-73.72393025447298
36.57208672456166,59.00692100388746,61.82640566965709,58.77477793656033,66.64581245229188,64.51398194909699,35.56497086430424,-1.7008431234046548
27.152250002664836,53.91426504527488,62.08744483388152,55.08156783586393,65.31224485333955,47.834828635194235,19.129992397271668,4.811591210346389
28.440237726321943,47.43977040909581,46.262753970961285,40.94966998964113,53.86989511241386,56.94037462362467,23.979920231521813,-43.961091486359706
40.419610294237984,50.88240635843417,62.80068467990109,60.04251177996886,57.95367106268119,60.35099132420456,20.432430441596757,-95.45894579270764
41.898387175623554,52.92790927125798,62.217724499339,63.5299419618334,60.02780500819354,65.65553460069766,24.53174608227168,19.06466262780288
29.974835070206133,47.769383601682804,69.50618486403171,40.74812689140201,72.14801168733354,35.75787186237562,27.292049422010567,39.073488389209075
33.611505723425175,54.12792246452667,60.22018953687817,57.98161420576056,76.51776295725955,47.304562954264966,16.00905619321686,-105.22399447708699
16.28160526528083,53.69438284786018,45.83429464597665,31.472738027787315,61.87262651500058,47.29563891118346,28.48016657511043,30.89883500980125
41.23054595590706,57.17832562953542,52.947550757749845,46.12710004952166,64.02084506559875,59.846927819956264,26.17008284406201,-20.856190446046973
27.36544561923654,53.80919101303,58.125760705218354,40.99477588459676,65.79201105025268,49.301821531110384,27.768983113395954,45.257244053682015
45.427104379512905,40.71630767823835,70.49950741464608,53.83135838044554,73.21665371379197,45.06091980566901,21.577406292350016,-49.89808136396532
36.12558850331681,52.838983050013375,66.39469208004626,56.288624608806984,59.66838862374085,59.35591991290188,28.0502760566269,20.413078815111515
26.927154722290524,54.1653295941375,74.12119306239103,55.73756734181738,72.06567076180123,45.4965028141995,26.738835595336592,-52.85392849960721
42.94294912696579,57.43396459675529,62.48532506884798,54.509004257443046,62.74851410406534,59.018524076714684,24.989949289399352,24.551121007200155
42.28675829944568,63.30225390775019,67.92457745862707,56.37820126939786,72.18419980089982,46.05880164861677,24.826003173831424,-48.76938816267188
31.167539539716856,56.43536031588693,62.07281997217254,38.55669089289671,72.05196588321476,39.89908425612871,33.23551961447247,-65.71990657180552
40.897291650091255,56.38041734925238,53.80612295876195,56.126234216199464,53.8647027755589,64.64876534100503,26.609939795901518,-4.37881184857132
26.77170813654505,53.72734119524616,49.502553438879076,47.18296934127805,78.63940609765197,50.497474280771094,25.298240011538546,-58.22417995572684
22.98361075840008,53.870046099363414,56.049850585669645,52.48795097948276,73.4581634435732,47.092227073848484,17.145395996445046,-57.47179381345336
29.58834481352081,53.83334795689653,55.743378223587214,54.80573247617127,78.42700626525578,47.93004858825194,15.419426483117531,-51.95812013488249
32.91059642331618,57.992680780001265,52.187181404064276,34.6349742795686,68.07557247823016,38.8626328411959,17.64808012024088,53.91095466389643
33.650881489180136,37.533694129542766,52.50181404256233,43.247472936910846,60.745553281705575,50.72201864715766,21.78640495600142,78.79977141095438
23.578656387356,48.88041040266518,72.98660555514306,52.09449221030635,72.00115191919723,45.00330607715903,26.43300953900697,-4.1351408749431116
27.292962830657572,53.92267805651415,54.71576455480904,45.593262669823424,74.43083682230116,47.20798226576645,17.025263238145307,0.4608931016223776
41.459781451178266,52.644471205927395,62.698634311398294,61.002780109415966,66.09860153928786,59.56308946052022,25.02697414808175,-45.4665343247097
27.955775693980495,53.80342708844149,65.59595769540434,49.70181002180089,61.56205740613261,47.91921412760175,21.533578550062884,107.15704811404993
41.292857407219984,59.57103514267707,61.11445429952108,57.35649963076451,62.5040553835,63.36111911189433,25.156037871645438,41.00032481298249
27.617319362989686,53.86512929205728,57.36618473490448,47.39902265462882,67.85315408899545,50.13189969974077,28.379257731450814,-11.910173488346633
24.876374015367446,53.781898856161845,56.523006223214416,43.72234914580582,65.05938213970907,48.77709807143827,24.769204971038366,-30.436524139560703
25.754185839228,53.98925608772904,63.95132269385173,45.00273042491907,60.244184049346664,48.317258689403985,21.91376101147316,-10.447800597416435
21.821227009635788,53.67816842423472,55.738004612752675,39.568811594340644,60.361115944633596,48.34376216363792,22.62488037468037,10.405607434616922
42.242714026247754,58.51424542005629,50.78439752240835,57.18212187546237,62.64503680055836,61.97080787839423,25.110334108783192,17.86828618195721
33.42189210271472,54.10576301683486,55.127414150928885,49.79407739758804,77.0537978154212,48.42124876937039,23.385699703738013,-60.22466749675652
30.157785867067272,51.67313707562515,43.50913886058199,38.12721223089591,73.34366960155307,43.54835714919239,14.083344958342252,-105.51839920128175
28.92058427297857,54.06123607224344,56.368990464738864,51.5778929128724,76.08933678124468,49.698218042505566,18.16845340920487,-38.07098634207965
30.138388248041778,53.78745296627803,61.69157066503023,47.258150225043636,66.60495676549274,47.74884013439637,22.555783190433853,-38.174954509832844
38.604246568923166,56.68418988504416,53.33762589469032,63.37001577684545,58.42768168317542,67.51617816481749,23.730281232728963,12.624592949490898
41.87223015292529,60.43769386270775,52.90678344024886,48.3079793314727,52.29990075031448,64.12381452252838,24.66195368202677,-49.24211446486825
28.191674361231318,58.996622520434535,52.445239058241,40.31342324398929,69.01133063136372,44.15604550564701,17.31721408746833,24.189541576733617
23.59285822816939,53.8060744811622,50.769767505210964,40.59042297918995,65.71045514626361,46.423128591757965,14.464685623238264,-2.7628999284084523
38.989535800228374,65.74999922529807,71.12575321305879,57.18124374172668,72.2304384641521,49.25722428538008,28.760654422103983,-12.811376416464823
41.57632827960853,56.35594015053717,53.242441198059375,45.287806361329686,59.61810855173322,59.6225077332973,27.023782076276497,-81.19499175429159
33.3271180097396,53.963319892719,57.37162724811371,48.174695563088044,77.00226587451662,49.06972072724598,23.900589235242872,-100.03851888802687
41.25735151939746,55.09155096351827,51.44668900439994,58.008775127850015,55.35150865624559,68.38962557189704,29.094499155240047,-55.89608833731393
27.67870476496666,54.060204609277115,57.536546670505594,50.57240002548771,69.56051960323664,46.25169620841763,15.389070608752506,20.820431423052863
31.470167889439853,53.92482478781858,59.10015886567614,52.88397579438433,69.31009530304705,46.18976357039672,18.515119780607748,-49.115770207401006
33.19739069625955,50.15895376646172,61.410248899253276,51.84030627309527,71.01843085086017,51.08782472676555,29.89714752951977,52.46665579929091
43.47947813530621,57.91211689317247,60.735903371437516,60.11817501656848,66.28940527297637,58.580387847201834,27.428883190978894,-77.1924451895635
24.70825772529005,53.77996480467491,56.55446303006431,44.237612785417845,67.05844392666104,47.94770277740365,21.485591939712034,36.90588543764139
34.89916305052341,60.57143656149896,62.16384809484408,47.425803286546845,76.4177771438495,37.44816098510636,12.811608511315999,39.05114757186198
20.97746084486874,44.82986143293843,43.960171971178156,39.61742782865946,62.198602744046354,55.235343137743506,20.278530069496586,-51.16662941515312
40.369396756522626,58.202059260238286,52.78216558325597,51.72082027881431,70.76412491907988,58.15038916186023,26.737714873040208,49.78238716661966
38.261595622132084,54.881745548292436,59.69915824227325,69.48473516312743,67.74973529531967,67.20153720075069,24.030009264543303,35.98480179464112
25.498614766437623,54.13712755282747,56.68339828467687,52.0261581951785,70.47568384454745,47.82518794835443,19.170130040809223,-84.35964862370169
30.918309593003055,43.06030490177251,45.61330951722362,38.80138236301065,55.52683585069207,58.33945704376542,23.952064936166813,-93.99127911257283
41.24493013526218,54.53971352026488,55.85094362952257,55.34736649755742,48.79495562225061,68.89702610601466,25.71725853344256,-18.349472026466117
29.37651181081098,53.91883434119664,61.714119186296465,53.46123595324051,66.19681935593874,48.93407254233568,23.263474824072357,-63.89505009066432
38.1719896559278,60.39379933267159,58.50414311056786,60.79154221469598,57.26249892497214,63.514550800298146,24.489978247811116,44.856119147602314
41.07616727158497,58.18375978495517,66.47779342940663,68.09602055355307,58.58350280078644,64.57339129797492,23.43935068487817,38.31165804128422
36.60924283745817,62.8444153861313,66.49515264307436,62.95819412279583,81.51566179010665,53.044233460848396,22.341128214678232,-81.71455532336047
30.200694489557378,54.044977256010185,58.82034385091669,50.89910794223132,75.52069114558117,48.375568406750226,15.811542634776355,-76.36521819868665
34.070940092027456,53.966666253475736,62.84441701032907,49.64559236464733,72.48889829255688,46.735565902545495,16.390315782062444,-3.749162835727037
29.646561087282716,53.89710031167498,55.55977070496884,50.3320172625259,78.08598451333845,46.743706024205956,17.473033067104716,-7.834517276144378
24.706826062565966,53.83442783324171,55.554802456677265,44.36412948931975,71.42578161160846,46.196626535702066,21.072964044577525,-2.2613916281524435
40.81550476386661,50.903870100929716,57.98774157082407,49.002440587545124,63.80111024663984,55.95328013119261,25.322152583625375,-9.384644730056381
22.479803702892006,53.77454516869932,55.681183891923155,45.093455399185444,61.86993264087646,49.94252587597524,27.0507092585989,52.88482128507023
22.63942893011253,53.76979072142034,54.462155745547044,38.10417008953123,62.26690947235482,49.126067672459726,29.920034587924597,-41.070022257744924
22.766222571576726,45.34357651626691,58.07284999730539,35.91058018425608,68.80675826306567,41.000639458847814,24.994082578897107,42.579469176100496
26.826786499208342,53.75718366366905,56.88640836003643,38.070633754372224,70.50381792359406,38.94796649032404,24.891091444872274,17.14219878855839
21.037268070798653,59.726919460759454,68.40986352330141,44.95746942682945,71.0452941652697,38.5955886862233,30.23691104746799,-28.845432373620415
31.220901398103898,54.143809069541796,62.30501182480176,54.919714627560055,67.89248543835693,48.23693363545599,21.561159624378206,-52.164825072758646
31.777319795222674,53.902575116824984,59.263302654257764,49.56229859108808,78.06687874744435,45.75742414696631,24.803305857812965,13.655749681459028
32.74811114637803,54.137013090414364,63.04722621670288,51.796456089231626,63.64034398302357,47.61679970528689,19.507331185265645,-54.48350485327343
39.14518331905036,49.699397514186515,65.37073824498702,51.492021864832886,60.54198793708639,51.759537247915986,27.196846555652506,-26.846190301769756
50.9068762205819,53.17049940879283,71.12254038423767,63.928987433389025,84.25293819895768,45.64749687846184,22.089765343559506,-128.7912032502155
28.915895996590457,53.07948639345122,73.88002994673147,54.97283560684165,72.04047758668754,43.61717741868673,27.289927957166487,-44.02418676559956
26.97387040417302,47.30497314807098,42.741238706787534,43.32138061063546,56.95218467742642,58.97842508178471,22.164327674561832,27.823861755754322
23.22107407555266,53.78816551815005,57.438138912326465,45.19898814682994,69.45656507364457,47.56876593035668,19.81941188660436,9.691523231387189
32.25194575109897,51.20531217257749,43.11072061626881,37.14091762251748,68.91085453909145,38.444830136781505,9.804738508388047,-3.1105092618984775
54.61577683456337,57.188396141968475,70.49481253831327,64.01280915146464,77.62590304523555,52.31412348090328,22.84968255054522,93.12081818251964
37.404836735341256,63.83263761620423,63.96197916652841,57.714278017785944,54.50270914408963,64.91878677007166,21.772860989280076,47.91416171734631
24.949777489795064,44.69679626383158,58.558450274872996,39.83441965890234,69.83226239875422,37.666263118853394,20.024645475519737,94.13981630462663
41.439436566313915,57.910208091508665,55.40898314426264,49.29597928462137,50.96899768470352,61.259007635376754,27.306970928351223,113.37295893098918
35.754658357836945,52.01247989977632,53.90411044777509,63.716061916159774,60.166664922422385,73.57204106827761,26.481342870317743,-29.244834498385863
22.369262011598266,53.70017588841855,55.252353965222206,44.672564259729796,62.01064934810375,47.69674588881266,17.109483545447382,-50.30546568573341
37.55394204445537,50.427762402626904,70.5480427055542,46.09750665778234,72.05479976963996,40.331986853726406,25.059224287345117,-33.2767971469491
41.72006227732972,53.67867609405712,60.468473929587496,55.53026132866448,56.52789206979078,58.468220894129125,18.496989894956585,-11.93266275820115
24.375934190322486,55.85661461841741,59.652696707227065,55.74066137193681,74.19133870547016,51.45004906858619,24.95280686149892,-57.667575318561404
23.33487869791317,53.68750722615704,59.8473943848489,49.00542775018385,67.47148731802778,48.495311214993166,18.42977207597896,-128.23088582436782
32.08390514027872,53.87428675351114,61.01641984041435,46.69559905446758,72.61506314670221,47.85603363483445,24.97878417838154,-135.21818937477337
29.172574636049525,54.015285814740146,57.920165969199765,50.44409738815556,61.518736646964115,48.619219166480484,15.037563469258675,12.270532389176312
29.598382793389487,51.19462075233082,59.889379701174654,59.60255106300412,72.41630758617818,60.430623661178274,21.393587833535637,-35.85928630912126
33.084718713732514,52.08924674004232,66.1177835309424,64.65686363186079,70.7547211448693,60.59054802894639,24.898394884286095,-52.572540635093276
26.07777569927085,54.08658281123071,60.326966237425346,50.441578647325876,68.93315098172214,48.5014797998645,22.03563881384527,53.18184476040247
29.368275771711847,53.65186141953879,60.77546686499497,49.37095803311408,66.088993123425,47.04823068474629,20.942941703948016,-13.833085248086485
29.612678746908774,45.06056222533786,55.99914084607352,29.710896249138752,64.68082122098039,40.898324306333194,25.40432319170027,50.30303039019684
40.53744387568596,47.808522649494805,62.918486857756236,57.217834590462516,62.06684699649321,61.623521669823106,24.692211859086882,9.302738827447918
27.060297623421345,54.10610444326535,56.3134509016892,44.68505424845548,64.56453434319307,47.178409870593065,20.79627094249163,21.094760625937354
17.304288768622268,53.588896700756045,44.90586396151805,40.88971935352021,68.04640741592732,48.613185026752596,17.339117402986822,-37.22766183009852
28.195666126458583,53.97602705313523,60.756127317404264,47.613469139969474,71.34282847963459,47.97382926844529,26.654387756982246,63.10931180321741
24.981322578750724,53.77219670873403,54.15729020485709,47.21729009478738,76.53319996154333,45.741567519095945,15.116077502924421,-24.402196365267
29.64545352595613,53.65169416911823,57.585964158537955,57.667564962484555,76.18767265024546,49.01545116059773,17.89792403919043,-52.79117969132501
40.52064205996217,57.72400298503919,47.64859566359078,55.48466003505342,59.06537664831576,61.45304106320643,25.627333444008837,6.46596308247387
44.60782161202813,46.793131934023144,69.99236444827548,56.79285876695292,76.61096889479259,46.40913384131639,22.012500204189994,-44.52078837443381
32.775116838960635,49.78616340660681,60.136099795975866,44.3730913463857,75.56438162216244,36.21587100537966,18.64682997227757,-74.08386924409382
32.97947713967523,41.287850146106614,45.95295386876386,42.59914807706637,53.02036479974131,54.48265384578925,17.68531223189922,124.68485291176209
40.12186636119094,42.80342970436893,58.81097284599829,64.31887256108031,71.63544354953432,67.09057172121987,24.998164293367616,-25.69223980056798
29.76561952956785,53.83621093456099,62.91874484768874,51.4456843235256,71.29717530773077,49.49648280294904,20.118885226939337,-67.28822550147899
25.138993844793234,53.946794829760705,52.24985185471408,42.80010606535404,69.20824223399048,47.49832631154352,22.90512535790367,-12.836591021671419
29.12689569187433,42.580186512581356,57.754373711447116,41.69302114304104,66.44995889629638,41.34985083644586,15.493036869459328,-30.57680774525786
40.31923453734716,55.704430745246846,42.496456040948615,41.696307008234236,53.18929610827887,63.998246979750256,27.11805495045767,-135.01966665568432
33.8050878154395,53.26914690299456,65.95346486918415,55.18821927073681,76.93635503727984,46.50649731924323,16.201390209522256,-56.00774014471004
29.83751336996823,56.12886892957344,58.5995034562099,54.69835292246168,63.71911518443822,52.634532980296584,21.410182604531833,40.817027593632886
22.72378794543884,53.83327564274374,53.42865924265332,47.410730130582145,67.18826035019148,49.60037519767647,24.206362479095553,-53.627809716946444
26.533289729021906,53.996945383672724,58.564182622116014,40.79270231811448,63.07666465575412,46.80112473588917,25.073784336969176,81.13791211260947
20.05836269721998,54.06633043229992,50.24194747469237,38.587740368480056,64.55720926320883,49.95375715223259,26.179616916801262,-54.25575845095374
35.42218068910883,64.22362424537113,65.36362002685996,58.48169726395758,72.12920408651132,46.09579279405455,23.652688040942465,-8.824394226333606
32.715131703267126,60.799882208549306,61.20396948936126,35.77681239812788,67.94672291118177,38.424194664594864,20.184240468629117,-158.71879574319706
26.43409085831341,53.92308491573963,57.40514568466141,45.67781336017647,66.5052126359125,48.941350579670804,27.747314008472294,-105.3435768248354
26.53376449698558,53.87772612579953,54.65639453832623,45.945049026984755,69.62573977626461,46.47553812473545,14.992311612122094,23.76896072855469
26.765214116751093,43.24541264840604,51.46255261218884,41.379296896275704,62.42682931544637,51.8085183375109,18.385196312324922,-23.817361595141783
40.62823412013578,45.56126774810808,54.221892563211576,51.510487852096574,67.93917390103817,64.82351097715315,25.489315114894634,-37.730710707838305
28.378627254488222,54.01326265452486,52.30446870349911,47.11217985375766,77.83723710763289,50.15282006727341,26.547848440010473,67.61324813531202
31.07217910111327,58.22182725312655,63.6441616626451,43.89692330311521,71.9050697247974,44.402531246779986,29.368091199299464,-126.70008551755731
25.707791217757187,57.404506370819796,65.1750789757366,55.82059175032304,75.60454535923029,45.850374167884496,22.32463113462211,-1.3463205357191317
40.96579356985673,58.66286012109757,54.07386286909485,59.244807237707015,50.33030308429836,68.8013319332606,26.1179037355315,144.72688025173917
30.676471535164364,53.836075767631506,58.51805237020896,46.1697141410863,67.99073005502616,48.50148317146165,21.92138268369713,-131.22867050687472
34.35343824773617,45.92714446083394,56.368529598877814,37.4626085129086,69.4356532192238,41.53108536746999,25.82136295774661,32.4539787976361
31.060834577495854,53.9850263826174,57.70544181126147,46.87989684685852,77.16274639270154,48.11095387479775,31.082029703059483,136.16074443293866
31.528745733919575,52.90327102004585,47.35913611791344,38.89597539367679,50.2569570045186,61.57518208775798,24.26546894312485,27.190265283587365
41.721697357321,54.72664720445325,62.128756890362226,53.17968880315583,56.65769431651402,59.0853522323616,28.8146249674223,29.903147091891
23.8457521604485,42.66642507155009,61.09132188302496,41.57574713165199,67.21921041628514,45.845448659185024,26.702155528029557,10.703732587063907
33.2360056293644,65.67431431007519,58.01847101451721,59.694675349398466,63.86310116879351,55.85198325677539,26.073843795585628,-36.035357362013
30.44809943175951,53.764489655047946,60.59626437470782,49.97201010411237,68.64672494268643,48.661548891150886,24.595212001820194,56.569732010806256
41.47279850998229,63.41037434029204,65.77714402576818,54.682591492263846,54.21343441828797,60.36903680285375,24.360446061380376,12.972328068699285
24.478401942737438,53.72566734956191,56.389394832228966,39.27572700889349,56.84189849768059,49.56243936601724,24.37621987348887,0.27081185827167253
34.5767311395177,63.25085405884151,71.06312302517028,55.46119426080981,71.73165687302631,46.77151039773572,22.134653566535928,-13.518363170176928
36.91687059071991,48.32913718615866,71.86961883845717,42.4996888827938,72.05776316675988,35.91889725634039,29.3223571337873,-37.75521035068384
48.75870842253349,49.656158023287695,63.80754483818723,55.30935883054609,82.74050790479615,44.162608721203824,21.434232911273682,-94.86212420296397
26.970705653128952,56.09274962754674,50.482430115509786,38.0453275484655,71.63895068432703,39.66874138820538,15.59450815730756,77.75663271546512
34.8152410968809,53.80123601093015,58.11628806040359,48.41713447247334,71.05496734365254,45.34007452115668,23.97391233279392,8.19705904513619
43.70433196447774,57.76387712402442,63.01383747805721,59.36034349741222,73.69030458011805,56.12035374060205,17.961388655207173,139.7465314685138
25.7582153939534,53.8888162273711,60.95078331739776,44.066936308548236,65.40622469467759,47.35905423790242,18.85112557994179,-10.991066187946302
30.924079482971457,48.14811793881545,64.77952384370235,60.01201428916795,64.74818730600057,62.701858129682,27.28730259292535,2.524329675946518
36.077125529736634,57.965393604576505,64.80182610219344,65.38639182185828,56.66215950914788,66.9249700407405,29.307862983039946,16.702078773710884
40.13437647344202,55.28271640633124,51.63225362065373,57.18817349421712,55.995994244736856,70.29091077717551,25.622048010053394,40.554333698677155
21.877306554301786,53.75268405096257,54.45992135169237,39.62667456249758,57.599464714880945,47.5287881464958,16.712026246003404,31.935909361650065
30.07216538574158,53.85728561860454,61.31929921406249,50.646865445216626,69.29300845466551,49.10779514387125,16.068681460808996,19.10809268793978
39.61124399337596,47.688008135693764,52.13313114185358,61.31970029824736,68.3429439509567,72.16103360573443,24.739614511868893,76.45428360503062
36.625040706434554,53.751956641702016,71.10119065581868,57.75003025826127,70.53968335192582,47.952795089869305,24.647728972210807,-48.99881084013174
35.71069762850887,43.34503134471054,61.35852484098485,48.67962743288518,61.24555922003468,57.091717527941555,25.160432782397237,-6.031140653334795
20.1717535564423,54.12193688363188,53.13419442039463,40.398509678533046,59.96491378254108,47.89377583360317,23.701786647169545,-26.827595323781175
22.485825737376324,53.95939026474182,49.1786105197597,45.27058177783454,67.11372128671863,46.25027864413426,16.3347872585902,-67.47337548133835
15.911065463378028,53.781857845550086,46.63265040257945,42.895428493899516,64.25946750734829,49.96838624312015,21.097945090125105,2.4486585112031882
44.925253150769755,52.00020833466384,70.98927512267244,60.43264950958253,79.39972947472224,46.5054293905941,21.993877944679195,26.58653989873311
30.706169951810036,57.473274088020176,58.50073712526078,54.44791036415815,61.18652967268081,53.88576238718405,21.48425188865488,14.12989675274933
32.195696459679404,63.899583912908284,63.16809188305264,48.452381080443814,71.33196948181286,37.96755998759876,11.961641492064281,12.686834711031509
41.26991013935607,43.84165679145421,62.76272724576635,65.92304597675854,72.1097212872184,62.7717742961713,24.648693831906783,-8.653091398740104
33.06967025168738,53.67012293816795,57.12632148961958,52.73081974656117,74.02750676083706,48.45635314826316,19.162015972529154,189.849256766292
28.590489895319436,42.85933078674626,58.291108095887935,40.62419282909698,64.05111622692715,39.76606211344729,19.458980022773414,-55.88546720956029
30.31992265778413,53.70671729927606,65.29302241969017,50.9675646268794,66.95306017188325,49.3132531929431,21.91561714706414,-128.58574567696377
35.829414725867636,51.63931631156252,53.73377284764863,62.08934318264189,59.296454902524346,74.07306093678397,27.643758514031187,72.39223599238719
32.98962209072402,53.82739501414195,61.75960185863901,57.11121742732958,79.68114410150531,47.45400623159127,19.932242692905113,-14.49839430048799
25.244783639448112,46.06554385910864,73.61177005509181,45.249701480268136,72.01154986894446,39.000444187742794,27.634952648102825,-14.022158950793456
37.67773873495354,55.956460631119896,70.36273567512966,56.12985367968087,72.26249510087096,48.35973880074804,28.89998231535237,-18.96311892126784
30.263810383296537,54.04609257293895,54.546248793805816,44.58312813346903,64.08444685628746,47.26334328272097,21.21195303050253,20.287335597822292
41.43317261684923,60.64917514617851,64.61068231094501,61.8143450777357,57.7120477279997,61.45587630393545,25.725691673452513,-33.64145801193452
35.02089018680691,57.64441906105409,63.08158644477746,48.168989309015316,71.52910225088107,44.31303432308064,29.436186572567177,65.18323678005537
23.7316544429923,53.74576617390449,57.25587943233395,49.28743496449757,70.76118232654942,49.06911488536918,21.57048833258528,-39.19791081975688
21.843159329391323,53.727653375053514,48.57810358830491,37.36729611913425,68.53850143545638,46.19899869615526,23.092223804405254,-63.38719289270204
31.24210789088093,55.921133419839954,53.968814150982546,38.28787508759911,67.57459033988434,40.95285509027447,19.461752722147857,53.08120482434774
18.98651545619978,53.75791744354779,51.875699684953915,40.17917685805667,62.46264547456092,47.703879814667914,18.55583887741911,-41.42301037419118
30.85213788656762,53.92325891270829,60.06096125545541,54.77378742776239,74.83118406047417,47.35893484961003,14.748311395299218,-40.54859718870964
29.750186808941585,57.04086075153447,54.165762957860714,34.71417134860601,72.82672228720217,34.51646531602305,17.52076145663186,-0.5595353564968324
29.71396600642416,54.08285308753631,54.41334894490069,50.21963657860999,66.55587433522179,47.95244986334891,19.97184839745491,-47.20874609766494
23.447218822517723,41.668759224040784,62.09501894249266,29.212718176837143,66.45106140512894,34.001040069919696,25.490229479248544,-47.187259038375466
